ID,PARAM,Date,Value,SYM
02EA020,2,2005/06/24,8.508,A
02EA020,2,2005/06/25,8.504,
02EA020,2,2005/06/26,8.501,
02EA020,2,2005/06/27,8.498,
02EA020,2,2005/06/28,8.496,
02EA020,2,2005/06/29,8.496,
02EA020,2,2005/06/30,8.490,
02EA020,2,2005/07/01,8.497,
02EA020,2,2005/07/02,8.489,
02EA020,2,2005/07/03,8.484,
02EA020,2,2005/07/04,8.478,
02EA020,2,2005/07/05,8.483,
02EA020,2,2005/07/06,8.482,
02EA020,2,2005/07/07,8.474,
02EA020,2,2005/07/08,8.470,
02EA020,2,2005/07/09,8.464,
02EA020,2,2005/07/10,8.456,
02EA020,2,2005/07/11,8.453,
02EA020,2,2005/07/12,8.452,
02EA020,2,2005/07/13,8.451,
02EA020,2,2005/07/14,8.453,
02EA020,2,2005/07/15,8.445,
02EA020,2,2005/07/16,8.441,
02EA020,2,2005/07/17,8.446,
02EA020,2,2005/07/18,8.460,
02EA020,2,2005/07/19,8.459,
02EA020,2,2005/07/20,8.457,
02EA020,2,2005/07/21,8.450,
02EA020,2,2005/07/22,8.449,
02EA020,2,2005/07/23,8.441,
02EA020,2,2005/07/24,8.435,
02EA020,2,2005/07/25,8.429,
02EA020,2,2005/07/26,8.429,
02EA020,2,2005/07/27,8.424,
02EA020,2,2005/07/28,8.414,
02EA020,2,2005/07/29,8.412,
02EA020,2,2005/07/30,8.409,
02EA020,2,2005/07/31,8.403,
02EA020,2,2005/08/01,8.403,
02EA020,2,2005/08/02,8.400,
02EA020,2,2005/08/03,8.398,
02EA020,2,2005/08/04,8.396,
02EA020,2,2005/08/05,8.394,
02EA020,2,2005/08/06,8.389,
02EA020,2,2005/08/07,8.382,
02EA020,2,2005/08/08,8.379,
02EA020,2,2005/08/09,8.374,
02EA020,2,2005/08/10,8.388,
02EA020,2,2005/08/11,8.391,
02EA020,2,2005/08/12,8.388,
02EA020,2,2005/08/13,8.388,
02EA020,2,2005/08/14,8.386,
02EA020,2,2005/08/15,8.382,
02EA020,2,2005/08/16,8.376,
02EA020,2,2005/08/17,8.373,
02EA020,2,2005/08/18,8.366,
02EA020,2,2005/08/19,8.392,
02EA020,2,2005/08/20,8.440,
02EA020,2,2005/08/21,8.441,
02EA020,2,2005/08/22,8.440,
02EA020,2,2005/08/23,8.437,
02EA020,2,2005/08/24,8.435,
02EA020,2,2005/08/25,8.433,
02EA020,2,2005/08/26,8.432,
02EA020,2,2005/08/27,8.430,
02EA020,2,2005/08/28,8.436,
02EA020,2,2005/08/29,8.437,
02EA020,2,2005/08/30,8.438,
02EA020,2,2005/08/31,8.438,
02EA020,2,2005/09/01,8.431,
02EA020,2,2005/09/02,8.430,
02EA020,2,2005/09/03,8.429,
02EA020,2,2005/09/04,8.428,
02EA020,2,2005/09/05,8.422,
02EA020,2,2005/09/06,8.419,
02EA020,2,2005/09/07,8.418,
02EA020,2,2005/09/08,8.417,
02EA020,2,2005/09/09,8.413,
02EA020,2,2005/09/10,8.408,
02EA020,2,2005/09/11,8.403,
02EA020,2,2005/09/12,8.402,
02EA020,2,2005/09/13,8.401,
02EA020,2,2005/09/14,8.402,
02EA020,2,2005/09/15,8.404,
02EA020,2,2005/09/16,8.401,
02EA020,2,2005/09/17,8.398,
02EA020,2,2005/09/18,8.392,
02EA020,2,2005/09/19,8.390,
02EA020,2,2005/09/20,8.389,
02EA020,2,2005/09/21,8.388,
02EA020,2,2005/09/22,8.388,
02EA020,2,2005/09/23,8.388,
02EA020,2,2005/09/24,8.382,
02EA020,2,2005/09/25,8.387,
02EA020,2,2005/09/26,8.477,
02EA020,2,2005/09/27,8.489,
02EA020,2,2005/09/28,8.489,
02EA020,2,2005/09/29,8.510,
02EA020,2,2005/09/30,8.514,
02EA020,2,2005/10/01,8.513,
02EA020,2,2005/10/02,8.517,
02EA020,2,2005/10/03,8.519,
02EA020,2,2005/10/04,8.522,
02EA020,2,2005/10/05,8.523,
02EA020,2,2005/10/06,8.523,
02EA020,2,2005/10/07,8.525,
02EA020,2,2005/10/08,8.523,
02EA020,2,2005/10/09,8.511,
02EA020,2,2005/10/10,8.508,
02EA020,2,2005/10/11,8.509,
02EA020,2,2005/10/12,8.507,
02EA020,2,2005/10/13,8.505,
02EA020,2,2005/10/14,8.504,
02EA020,2,2005/10/15,8.513,
02EA020,2,2005/10/16,8.516,
02EA020,2,2005/10/17,8.514,
02EA020,2,2005/10/18,8.519,
02EA020,2,2005/10/19,8.524,
02EA020,2,2005/10/20,8.524,
02EA020,2,2005/10/21,8.524,
02EA020,2,2005/10/22,8.526,
02EA020,2,2005/10/23,8.523,
02EA020,2,2005/10/24,8.521,
02EA020,2,2005/10/25,8.518,
02EA020,2,2005/10/26,8.512,
02EA020,2,2005/10/27,8.508,
02EA020,2,2005/10/28,8.507,
02EA020,2,2005/10/29,8.505,
02EA020,2,2005/10/30,8.503,
02EA020,2,2005/10/31,8.504,
02EA020,2,2005/11/01,8.517,
02EA020,2,2005/11/02,8.520,
02EA020,2,2005/11/03,8.518,
02EA020,2,2005/11/04,8.518,
02EA020,2,2005/11/05,8.516,
02EA020,2,2005/11/06,8.536,
02EA020,2,2005/11/07,8.542,
02EA020,2,2005/11/08,8.538,
02EA020,2,2005/11/09,8.534,
02EA020,2,2005/11/10,8.532,
02EA020,2,2005/11/11,8.526,
02EA020,2,2005/11/12,8.519,
02EA020,2,2005/11/13,8.512,
02EA020,2,2005/11/14,8.509,
02EA020,2,2005/11/15,8.509,
02EA020,2,2005/11/16,8.515,
02EA020,2,2005/11/17,8.526,
02EA020,2,2005/11/18,8.520,
02EA020,2,2005/11/19,8.516,
02EA020,2,2005/11/20,8.512,
02EA020,2,2005/11/21,8.509,
02EA020,2,2005/11/22,8.506,
02EA020,2,2005/11/23,8.497,
02EA020,2,2005/11/24,8.494,
02EA020,2,2005/11/25,8.487,
02EA020,2,2005/11/26,8.481,
02EA020,2,2005/11/27,8.475,
02EA020,2,2005/11/28,8.475,
02EA020,2,2005/11/29,8.519,
02EA020,2,2005/11/30,8.545,
02EA020,2,2005/12/01,8.552,
02EA020,2,2005/12/02,8.553,
02EA020,2,2005/12/03,8.548,
02EA020,2,2005/12/04,8.544,
02EA020,2,2005/12/05,8.540,
02EA020,2,2005/12/06,8.536,
02EA020,2,2005/12/07,8.529,
02EA020,2,2005/12/08,8.521,
02EA020,2,2005/12/09,8.516,
02EA020,2,2005/12/10,8.509,
02EA020,2,2005/12/11,8.508,
02EA020,2,2005/12/12,8.500,
02EA020,2,2005/12/13,8.492,
02EA020,2,2005/12/14,8.486,
02EA020,2,2005/12/15,8.480,
02EA020,2,2005/12/16,8.477,
02EA020,2,2005/12/17,8.479,
02EA020,2,2005/12/18,8.478,
02EA020,2,2005/12/19,8.474,
02EA020,2,2005/12/20,8.471,
02EA020,2,2005/12/21,8.469,
02EA020,2,2005/12/22,8.463,
02EA020,2,2005/12/23,8.462,
02EA020,2,2005/12/24,8.461,
02EA020,2,2005/12/25,8.466,
02EA020,2,2005/12/26,8.470,
02EA020,2,2005/12/27,8.466,
02EA020,2,2005/12/28,8.462,
02EA020,2,2005/12/29,8.461,
02EA020,2,2005/12/30,8.456,
02EA020,2,2005/12/31,8.452,
02EA020,2,2006/01/01,8.447,
02EA020,2,2006/01/02,8.443,
02EA020,2,2006/01/03,8.437,
02EA020,2,2006/01/04,8.438,
02EA020,2,2006/01/05,8.441,
02EA020,2,2006/01/06,8.436,
02EA020,2,2006/01/07,8.431,
02EA020,2,2006/01/08,8.428,
02EA020,2,2006/01/09,8.425,
02EA020,2,2006/01/10,8.421,
02EA020,2,2006/01/11,8.421,
02EA020,2,2006/01/12,8.422,
02EA020,2,2006/01/13,8.420,
02EA020,2,2006/01/14,8.428,
02EA020,2,2006/01/15,8.426,
02EA020,2,2006/01/16,8.423,
02EA020,2,2006/01/17,8.421,
02EA020,2,2006/01/18,8.438,
02EA020,2,2006/01/19,8.441,
02EA020,2,2006/01/20,8.438,
02EA020,2,2006/01/21,8.444,
02EA020,2,2006/01/22,8.441,
02EA020,2,2006/01/23,8.438,
02EA020,2,2006/01/24,8.435,
02EA020,2,2006/01/25,8.433,
02EA020,2,2006/01/26,8.429,
02EA020,2,2006/01/27,8.424,
02EA020,2,2006/01/28,8.420,
02EA020,2,2006/01/29,8.422,
02EA020,2,2006/01/30,8.427,
02EA020,2,2006/01/31,8.426,
02EA020,2,2006/02/01,8.422,
02EA020,2,2006/02/02,8.418,
02EA020,2,2006/02/03,8.420,
02EA020,2,2006/02/04,8.421,
02EA020,2,2006/02/05,8.431,
02EA020,2,2006/02/06,8.430,
02EA020,2,2006/02/07,8.427,
02EA020,2,2006/02/08,8.422,
02EA020,2,2006/02/09,8.418,
02EA020,2,2006/02/10,8.413,
02EA020,2,2006/02/11,8.409,
02EA020,2,2006/02/12,8.404,
02EA020,2,2006/02/13,8.399,
02EA020,2,2006/02/14,8.399,
02EA020,2,2006/02/15,8.399,
02EA020,2,2006/02/16,8.402,
02EA020,2,2006/02/17,8.420,
02EA020,2,2006/02/18,8.416,
02EA020,2,2006/02/19,8.413,
02EA020,2,2006/02/20,8.409,
02EA020,2,2006/02/21,8.410,
02EA020,2,2006/02/22,8.408,
02EA020,2,2006/02/23,8.403,
02EA020,2,2006/02/24,8.401,
02EA020,2,2006/02/25,8.401,
02EA020,2,2006/02/26,8.398,
02EA020,2,2006/02/27,8.393,
02EA020,2,2006/02/28,8.387,
02EA020,2,2006/03/01,8.382,A
02EA020,2,2006/03/02,,
02EA020,2,2006/03/03,8.371,A
02EA020,2,2006/03/04,,
02EA020,2,2006/03/05,8.359,
02EA020,2,2006/03/06,8.353,
02EA020,2,2006/03/07,8.346,
02EA020,2,2006/03/08,8.340,
02EA020,2,2006/03/09,8.337,
02EA020,2,2006/03/10,8.354,
02EA020,2,2006/03/11,8.359,
02EA020,2,2006/03/12,8.364,
02EA020,2,2006/03/13,8.377,
02EA020,2,2006/03/14,8.392,
02EA020,2,2006/03/15,8.400,
02EA020,2,2006/03/16,8.402,
02EA020,2,2006/03/17,8.403,
02EA020,2,2006/03/18,8.401,
02EA020,2,2006/03/19,8.400,
02EA020,2,2006/03/20,8.397,
02EA020,2,2006/03/21,8.395,
02EA020,2,2006/03/22,8.392,
02EA020,2,2006/03/23,8.389,
02EA020,2,2006/03/24,8.386,
02EA020,2,2006/03/25,8.385,
02EA020,2,2006/03/26,8.382,
02EA020,2,2006/03/27,8.381,
02EA020,2,2006/03/28,8.381,
02EA020,2,2006/03/29,8.380,
02EA020,2,2006/03/30,8.383,
02EA020,2,2006/03/31,8.391,
02EA020,2,2006/04/01,8.415,
02EA020,2,2006/04/02,8.434,
02EA020,2,2006/04/03,8.457,
02EA020,2,2006/04/04,8.486,
02EA020,2,2006/04/05,8.501,
02EA020,2,2006/04/06,8.510,
02EA020,2,2006/04/07,8.519,
02EA020,2,2006/04/08,8.522,
02EA020,2,2006/04/09,8.525,
02EA020,2,2006/04/10,8.529,
02EA020,2,2006/04/11,8.535,
02EA020,2,2006/04/12,8.547,
02EA020,2,2006/04/13,8.571,
02EA020,2,2006/04/14,8.588,
02EA020,2,2006/04/15,8.603,
02EA020,2,2006/04/16,8.611,
02EA020,2,2006/04/17,8.616,
02EA020,2,2006/04/18,8.614,
02EA020,2,2006/04/19,8.617,
02EA020,2,2006/04/20,8.617,
02EA020,2,2006/04/21,8.613,
02EA020,2,2006/04/22,8.609,
02EA020,2,2006/04/23,8.606,
02EA020,2,2006/04/24,8.613,
02EA020,2,2006/04/25,8.615,
02EA020,2,2006/04/26,8.608,
02EA020,2,2006/04/27,8.604,
02EA020,2,2006/04/28,8.595,
02EA020,2,2006/04/29,8.587,
02EA020,2,2006/04/30,8.578,
02EA020,2,2006/05/01,8.579,
02EA020,2,2006/05/02,8.590,
02EA020,2,2006/05/03,8.588,
02EA020,2,2006/05/04,8.586,
02EA020,2,2006/05/05,8.587,
02EA020,2,2006/05/06,8.586,
02EA020,2,2006/05/07,8.583,
02EA020,2,2006/05/08,8.582,
02EA020,2,2006/05/09,8.582,
02EA020,2,2006/05/10,8.581,
02EA020,2,2006/05/11,8.589,
02EA020,2,2006/05/12,8.603,
02EA020,2,2006/05/13,8.607,
02EA020,2,2006/05/14,8.606,
02EA020,2,2006/05/15,8.605,
02EA020,2,2006/05/16,8.605,
02EA020,2,2006/05/17,8.603,
02EA020,2,2006/05/18,8.601,
02EA020,2,2006/05/19,8.599,
02EA020,2,2006/05/20,8.598,
02EA020,2,2006/05/21,8.598,
02EA020,2,2006/05/22,8.595,
02EA020,2,2006/05/23,8.593,
02EA020,2,2006/05/24,8.590,
02EA020,2,2006/05/25,8.591,
02EA020,2,2006/05/26,8.594,
02EA020,2,2006/05/27,8.595,
02EA020,2,2006/05/28,8.593,
02EA020,2,2006/05/29,8.594,
02EA020,2,2006/05/30,8.598,
02EA020,2,2006/05/31,8.597,
02EA020,2,2006/06/01,8.596,
02EA020,2,2006/06/02,8.595,
02EA020,2,2006/06/03,8.590,
02EA020,2,2006/06/04,8.582,
02EA020,2,2006/06/05,8.576,
02EA020,2,2006/06/06,8.573,
02EA020,2,2006/06/07,8.573,
02EA020,2,2006/06/08,8.570,
02EA020,2,2006/06/09,8.574,
02EA020,2,2006/06/10,8.568,
02EA020,2,2006/06/11,8.560,
02EA020,2,2006/06/12,8.558,
02EA020,2,2006/06/13,8.556,
02EA020,2,2006/06/14,8.554,
02EA020,2,2006/06/15,8.550,
02EA020,2,2006/06/16,8.546,
02EA020,2,2006/06/17,8.548,
02EA020,2,2006/06/18,8.551,
02EA020,2,2006/06/19,8.566,
02EA020,2,2006/06/20,8.567,
02EA020,2,2006/06/21,8.560,
02EA020,2,2006/06/22,8.561,
02EA020,2,2006/06/23,8.563,
02EA020,2,2006/06/24,8.557,
02EA020,2,2006/06/25,8.554,
02EA020,2,2006/06/26,8.552,
02EA020,2,2006/06/27,8.553,
02EA020,2,2006/06/28,8.557,
02EA020,2,2006/06/29,8.556,
02EA020,2,2006/06/30,8.552,
02EA020,2,2006/07/01,8.549,
02EA020,2,2006/07/02,8.548,
02EA020,2,2006/07/03,8.547,
02EA020,2,2006/07/04,8.548,
02EA020,2,2006/07/05,8.543,
02EA020,2,2006/07/06,8.539,
02EA020,2,2006/07/07,8.534,
02EA020,2,2006/07/08,8.529,
02EA020,2,2006/07/09,8.526,
02EA020,2,2006/07/10,8.560,
02EA020,2,2006/07/11,8.561,
02EA020,2,2006/07/12,8.560,
02EA020,2,2006/07/13,8.556,
02EA020,2,2006/07/14,8.554,
02EA020,2,2006/07/15,8.556,
02EA020,2,2006/07/16,8.552,
02EA020,2,2006/07/17,8.549,
02EA020,2,2006/07/18,8.562,
02EA020,2,2006/07/19,8.553,
02EA020,2,2006/07/20,8.550,
02EA020,2,2006/07/21,8.562,
02EA020,2,2006/07/22,8.558,
02EA020,2,2006/07/23,8.549,
02EA020,2,2006/07/24,8.546,
02EA020,2,2006/07/25,8.600,
02EA020,2,2006/07/26,8.619,
02EA020,2,2006/07/27,8.638,
02EA020,2,2006/07/28,8.630,
02EA020,2,2006/07/29,8.622,
02EA020,2,2006/07/30,8.613,
02EA020,2,2006/07/31,8.604,
02EA020,2,2006/08/01,8.597,
02EA020,2,2006/08/02,8.608,
02EA020,2,2006/08/03,8.618,
02EA020,2,2006/08/04,8.608,
02EA020,2,2006/08/05,8.596,
02EA020,2,2006/08/06,8.583,
02EA020,2,2006/08/07,8.573,
02EA020,2,2006/08/08,8.560,
02EA020,2,2006/08/09,8.558,
02EA020,2,2006/08/10,8.567,
02EA020,2,2006/08/11,8.556,
02EA020,2,2006/08/12,8.549,
02EA020,2,2006/08/13,8.542,
02EA020,2,2006/08/14,8.537,
02EA020,2,2006/08/15,8.534,
02EA020,2,2006/08/16,8.531,
02EA020,2,2006/08/17,8.528,
02EA020,2,2006/08/18,8.524,
02EA020,2,2006/08/19,8.531,
02EA020,2,2006/08/20,8.569,
02EA020,2,2006/08/21,8.566,
02EA020,2,2006/08/22,8.566,
02EA020,2,2006/08/23,8.564,
02EA020,2,2006/08/24,8.561,
02EA020,2,2006/08/25,8.555,
02EA020,2,2006/08/26,8.550,
02EA020,2,2006/08/27,8.551,
02EA020,2,2006/08/28,8.550,
02EA020,2,2006/08/29,8.549,
02EA020,2,2006/08/30,8.545,
02EA020,2,2006/08/31,8.537,
02EA020,2,2006/09/01,8.533,
02EA020,2,2006/09/02,8.531,
02EA020,2,2006/09/03,8.536,
02EA020,2,2006/09/04,8.534,
02EA020,2,2006/09/05,8.532,
02EA020,2,2006/09/06,8.531,
02EA020,2,2006/09/07,8.526,
02EA020,2,2006/09/08,8.526,
02EA020,2,2006/09/09,8.530,
02EA020,2,2006/09/10,8.523,
02EA020,2,2006/09/11,8.518,
02EA020,2,2006/09/12,8.514,
02EA020,2,2006/09/13,8.515,
02EA020,2,2006/09/14,8.517,
02EA020,2,2006/09/15,8.513,
02EA020,2,2006/09/16,8.513,
02EA020,2,2006/09/17,8.510,
02EA020,2,2006/09/18,8.516,
02EA020,2,2006/09/19,8.515,
02EA020,2,2006/09/20,8.509,
02EA020,2,2006/09/21,8.501,
02EA020,2,2006/09/22,8.493,
02EA020,2,2006/09/23,8.493,
02EA020,2,2006/09/24,8.521,
02EA020,2,2006/09/25,8.526,
02EA020,2,2006/09/26,8.524,
02EA020,2,2006/09/27,8.520,
02EA020,2,2006/09/28,8.525,
02EA020,2,2006/09/29,8.520,
02EA020,2,2006/09/30,8.514,
02EA020,2,2006/10/01,8.510,
02EA020,2,2006/10/02,8.506,
02EA020,2,2006/10/03,8.500,
02EA020,2,2006/10/04,8.506,
02EA020,2,2006/10/05,8.505,
02EA020,2,2006/10/06,8.499,
02EA020,2,2006/10/07,8.491,
02EA020,2,2006/10/08,8.482,
02EA020,2,2006/10/09,8.476,
02EA020,2,2006/10/10,8.467,
02EA020,2,2006/10/11,8.469,
02EA020,2,2006/10/12,8.509,
02EA020,2,2006/10/13,8.530,
02EA020,2,2006/10/14,8.568,
02EA020,2,2006/10/15,8.579,
02EA020,2,2006/10/16,8.581,
02EA020,2,2006/10/17,8.597,
02EA020,2,2006/10/18,8.623,
02EA020,2,2006/10/19,8.643,
02EA020,2,2006/10/20,8.649,
02EA020,2,2006/10/21,8.649,
02EA020,2,2006/10/22,8.654,
02EA020,2,2006/10/23,8.659,
02EA020,2,2006/10/24,8.661,
02EA020,2,2006/10/25,8.659,
02EA020,2,2006/10/26,8.654,
02EA020,2,2006/10/27,8.648,
02EA020,2,2006/10/28,8.654,
02EA020,2,2006/10/29,8.659,
02EA020,2,2006/10/30,8.656,
02EA020,2,2006/10/31,8.650,
02EA020,2,2006/11/01,8.644,
02EA020,2,2006/11/02,8.638,
02EA020,2,2006/11/03,8.628,
02EA020,2,2006/11/04,8.615,
02EA020,2,2006/11/05,8.610,
02EA020,2,2006/11/06,8.603,
02EA020,2,2006/11/07,8.595,
02EA020,2,2006/11/08,8.591,
02EA020,2,2006/11/09,8.584,
02EA020,2,2006/11/10,8.577,
02EA020,2,2006/11/11,8.581,
02EA020,2,2006/11/12,8.571,
02EA020,2,2006/11/13,8.560,
02EA020,2,2006/11/14,8.553,
02EA020,2,2006/11/15,8.545,
02EA020,2,2006/11/16,8.554,
02EA020,2,2006/11/17,8.557,
02EA020,2,2006/11/18,8.554,
02EA020,2,2006/11/19,8.548,
02EA020,2,2006/11/20,8.539,
02EA020,2,2006/11/21,8.529,
02EA020,2,2006/11/22,8.521,
02EA020,2,2006/11/23,8.513,
02EA020,2,2006/11/24,8.505,
02EA020,2,2006/11/25,8.497,
02EA020,2,2006/11/26,8.489,
02EA020,2,2006/11/27,8.488,
02EA020,2,2006/11/28,8.495,
02EA020,2,2006/11/29,8.502,
02EA020,2,2006/11/30,8.528,
02EA020,2,2006/12/01,8.551,
02EA020,2,2006/12/02,8.555,
02EA020,2,2006/12/03,8.555,
02EA020,2,2006/12/04,8.554,
02EA020,2,2006/12/05,8.549,
02EA020,2,2006/12/06,8.545,
02EA020,2,2006/12/07,8.543,
02EA020,2,2006/12/08,8.534,
02EA020,2,2006/12/09,8.526,
02EA020,2,2006/12/10,8.518,
02EA020,2,2006/12/11,8.516,
02EA020,2,2006/12/12,8.511,
02EA020,2,2006/12/13,8.520,
02EA020,2,2006/12/14,8.527,
02EA020,2,2006/12/15,8.544,
02EA020,2,2006/12/16,8.553,
02EA020,2,2006/12/17,8.555,
02EA020,2,2006/12/18,8.553,
02EA020,2,2006/12/19,8.549,
02EA020,2,2006/12/20,8.541,
02EA020,2,2006/12/21,8.538,
02EA020,2,2006/12/22,8.533,
02EA020,2,2006/12/23,8.543,
02EA020,2,2006/12/24,8.546,
02EA020,2,2006/12/25,8.543,
02EA020,2,2006/12/26,8.539,
02EA020,2,2006/12/27,8.531,
02EA020,2,2006/12/28,8.526,
02EA020,2,2006/12/29,8.517,A
02EA020,2,2006/12/30,,
02EA020,2,2006/12/31,8.503,
02EA020,2,2007/01/01,8.508,
02EA020,2,2007/01/02,8.505,
02EA020,2,2007/01/03,8.498,
02EA020,2,2007/01/04,8.492,
02EA020,2,2007/01/05,8.493,
02EA020,2,2007/01/06,8.495,
02EA020,2,2007/01/07,8.494,
02EA020,2,2007/01/08,8.494,
02EA020,2,2007/01/09,8.492,
02EA020,2,2007/01/10,8.484,
02EA020,2,2007/01/11,8.476,
02EA020,2,2007/01/12,8.472,
02EA020,2,2007/01/13,8.467,
02EA020,2,2007/01/14,8.458,
02EA020,2,2007/01/15,8.454,
02EA020,2,2007/01/16,8.448,
02EA020,2,2007/01/17,8.439,
02EA020,2,2007/01/18,8.431,
02EA020,2,2007/01/19,8.427,
02EA020,2,2007/01/20,8.422,
02EA020,2,2007/01/21,8.413,
02EA020,2,2007/01/22,8.408,
02EA020,2,2007/01/23,8.402,
02EA020,2,2007/01/24,8.396,
02EA020,2,2007/01/25,8.388,
02EA020,2,2007/01/26,8.381,
02EA020,2,2007/01/27,8.376,
02EA020,2,2007/01/28,8.369,
02EA020,2,2007/01/29,8.362,
02EA020,2,2007/01/30,8.355,
02EA020,2,2007/01/31,8.348,
02EA020,2,2007/02/01,8.344,
02EA020,2,2007/02/02,8.340,
02EA020,2,2007/02/03,8.339,
02EA020,2,2007/02/04,8.336,
02EA020,2,2007/02/05,8.330,
02EA020,2,2007/02/06,8.323,
02EA020,2,2007/02/07,8.317,
02EA020,2,2007/02/08,8.309,
02EA020,2,2007/02/09,8.304,
02EA020,2,2007/02/10,8.296,
02EA020,2,2007/02/11,8.292,
02EA020,2,2007/02/12,8.286,
02EA020,2,2007/02/13,8.279,
02EA020,2,2007/02/14,8.272,
02EA020,2,2007/02/15,8.265,
02EA020,2,2007/02/16,8.259,
02EA020,2,2007/02/17,8.255,
02EA020,2,2007/02/18,8.251,
02EA020,2,2007/02/19,8.245,
02EA020,2,2007/02/20,8.239,
02EA020,2,2007/02/21,8.233,
02EA020,2,2007/02/22,8.235,
02EA020,2,2007/02/23,8.236,
02EA020,2,2007/02/24,8.230,
02EA020,2,2007/02/25,8.225,
02EA020,2,2007/02/26,8.218,
02EA020,2,2007/02/27,8.212,
02EA020,2,2007/02/28,8.207,
02EA020,2,2007/03/01,8.202,
02EA020,2,2007/03/02,8.206,
02EA020,2,2007/03/03,8.208,
02EA020,2,2007/03/04,8.206,
02EA020,2,2007/03/05,8.203,
02EA020,2,2007/03/06,8.209,
02EA020,2,2007/03/07,8.194,
02EA020,2,2007/03/08,8.188,
02EA020,2,2007/03/09,8.182,
02EA020,2,2007/03/10,8.182,
02EA020,2,2007/03/11,8.179,
02EA020,2,2007/03/12,8.176,
02EA020,2,2007/03/13,8.172,
02EA020,2,2007/03/14,8.173,
02EA020,2,2007/03/15,8.172,
02EA020,2,2007/03/16,8.169,
02EA020,2,2007/03/17,8.163,
02EA020,2,2007/03/18,8.158,
02EA020,2,2007/03/19,8.158,
02EA020,2,2007/03/20,8.155,
02EA020,2,2007/03/21,8.153,
02EA020,2,2007/03/22,8.192,
02EA020,2,2007/03/23,8.204,
02EA020,2,2007/03/24,8.211,
02EA020,2,2007/03/25,8.223,
02EA020,2,2007/03/26,8.245,
02EA020,2,2007/03/27,8.268,
02EA020,2,2007/03/28,8.282,
02EA020,2,2007/03/29,8.287,
02EA020,2,2007/03/30,8.304,
02EA020,2,2007/03/31,8.320,
02EA020,2,2007/04/01,8.326,
02EA020,2,2007/04/02,8.346,
02EA020,2,2007/04/03,8.373,
02EA020,2,2007/04/04,8.421,
02EA020,2,2007/04/05,8.453,
02EA020,2,2007/04/06,8.471,
02EA020,2,2007/04/07,8.484,
02EA020,2,2007/04/08,8.493,
02EA020,2,2007/04/09,8.501,
02EA020,2,2007/04/10,8.509,
02EA020,2,2007/04/11,8.517,
02EA020,2,2007/04/12,8.514,
02EA020,2,2007/04/13,8.520,
02EA020,2,2007/04/14,8.530,
02EA020,2,2007/04/15,8.536,
02EA020,2,2007/04/16,8.546,
02EA020,2,2007/04/17,8.554,
02EA020,2,2007/04/18,8.561,
02EA020,2,2007/04/19,8.566,
02EA020,2,2007/04/20,8.570,
02EA020,2,2007/04/21,8.573,
02EA020,2,2007/04/22,8.574,
02EA020,2,2007/04/23,8.582,
02EA020,2,2007/04/24,8.589,
02EA020,2,2007/04/25,8.592,
02EA020,2,2007/04/26,8.593,
02EA020,2,2007/04/27,8.609,
02EA020,2,2007/04/28,8.626,
02EA020,2,2007/04/29,8.631,
02EA020,2,2007/04/30,8.629,
02EA020,2,2007/05/01,8.620,
02EA020,2,2007/05/02,8.616,
02EA020,2,2007/05/03,8.610,
02EA020,2,2007/05/04,8.603,
02EA020,2,2007/05/05,8.601,
02EA020,2,2007/05/06,8.592,
02EA020,2,2007/05/07,8.584,
02EA020,2,2007/05/08,8.579,
02EA020,2,2007/05/09,8.582,
02EA020,2,2007/05/10,8.596,
02EA020,2,2007/05/11,8.599,
02EA020,2,2007/05/12,8.596,
02EA020,2,2007/05/13,8.590,
02EA020,2,2007/05/14,8.585,
02EA020,2,2007/05/15,8.598,
02EA020,2,2007/05/16,8.619,
02EA020,2,2007/05/17,8.622,
02EA020,2,2007/05/18,8.619,
02EA020,2,2007/05/19,8.617,
02EA020,2,2007/05/20,8.616,
02EA020,2,2007/05/21,8.611,
02EA020,2,2007/05/22,8.607,
02EA020,2,2007/05/23,8.603,
02EA020,2,2007/05/24,8.601,
02EA020,2,2007/05/25,8.598,
02EA020,2,2007/05/26,8.595,
02EA020,2,2007/05/27,8.593,
02EA020,2,2007/05/28,8.590,
02EA020,2,2007/05/29,8.587,
02EA020,2,2007/05/30,8.583,
02EA020,2,2007/05/31,8.588,
02EA020,2,2007/06/01,8.594,
02EA020,2,2007/06/02,8.592,
02EA020,2,2007/06/03,8.592,
02EA020,2,2007/06/04,8.619,
02EA020,2,2007/06/05,8.639,
02EA020,2,2007/06/06,8.631,
02EA020,2,2007/06/07,8.627,
02EA020,2,2007/06/08,8.623,
02EA020,2,2007/06/09,8.621,
02EA020,2,2007/06/10,8.612,
02EA020,2,2007/06/11,8.611,
02EA020,2,2007/06/12,8.612,
02EA020,2,2007/06/13,8.606,
02EA020,2,2007/06/14,8.599,
02EA020,2,2007/06/15,8.592,
02EA020,2,2007/06/16,8.585,
02EA020,2,2007/06/17,8.584,
02EA020,2,2007/06/18,8.575,
02EA020,2,2007/06/19,8.574,
02EA020,2,2007/06/20,8.571,
02EA020,2,2007/06/21,8.566,
02EA020,2,2007/06/22,8.559,
02EA020,2,2007/06/23,8.552,
02EA020,2,2007/06/24,8.547,
02EA020,2,2007/06/25,8.545,
02EA020,2,2007/06/26,8.546,
02EA020,2,2007/06/27,8.544,
02EA020,2,2007/06/28,8.548,
02EA020,2,2007/06/29,8.537,
02EA020,2,2007/06/30,8.541,
02EA020,2,2007/07/01,8.536,
02EA020,2,2007/07/02,8.530,
02EA020,2,2007/07/03,8.526,
02EA020,2,2007/07/04,8.524,
02EA020,2,2007/07/05,8.528,
02EA020,2,2007/07/06,8.530,
02EA020,2,2007/07/07,8.528,
02EA020,2,2007/07/08,8.531,
02EA020,2,2007/07/09,8.542,
02EA020,2,2007/07/10,8.547,
02EA020,2,2007/07/11,8.555,
02EA020,2,2007/07/12,8.556,
02EA020,2,2007/07/13,8.557,
02EA020,2,2007/07/14,8.563,
02EA020,2,2007/07/15,8.579,
02EA020,2,2007/07/16,8.582,
02EA020,2,2007/07/17,8.580,
02EA020,2,2007/07/18,8.579,
02EA020,2,2007/07/19,8.583,
02EA020,2,2007/07/20,8.578,
02EA020,2,2007/07/21,8.571,
02EA020,2,2007/07/22,8.567,
02EA020,2,2007/07/23,8.564,
02EA020,2,2007/07/24,8.560,
02EA020,2,2007/07/25,8.558,
02EA020,2,2007/07/26,8.555,
02EA020,2,2007/07/27,8.555,
02EA020,2,2007/07/28,8.554,
02EA020,2,2007/07/29,8.547,
02EA020,2,2007/07/30,8.541,
02EA020,2,2007/07/31,8.539,
02EA020,2,2007/08/01,8.534,
02EA020,2,2007/08/02,8.530,
02EA020,2,2007/08/03,8.534,
02EA020,2,2007/08/04,8.531,
02EA020,2,2007/08/05,8.523,
02EA020,2,2007/08/06,8.517,
02EA020,2,2007/08/07,8.515,
02EA020,2,2007/08/08,8.517,
02EA020,2,2007/08/09,8.511,
02EA020,2,2007/08/10,8.507,
02EA020,2,2007/08/11,8.502,
02EA020,2,2007/08/12,8.495,
02EA020,2,2007/08/13,8.492,
02EA020,2,2007/08/14,8.482,
02EA020,2,2007/08/15,8.479,
02EA020,2,2007/08/16,8.470,
02EA020,2,2007/08/17,8.466,
02EA020,2,2007/08/18,8.469,
02EA020,2,2007/08/19,8.466,
02EA020,2,2007/08/20,8.462,
02EA020,2,2007/08/21,8.454,
02EA020,2,2007/08/22,8.448,
02EA020,2,2007/08/23,8.449,
02EA020,2,2007/08/24,8.461,
02EA020,2,2007/08/25,8.471,
02EA020,2,2007/08/26,8.479,
02EA020,2,2007/08/27,8.473,
02EA020,2,2007/08/28,8.471,
02EA020,2,2007/08/29,8.470,
02EA020,2,2007/08/30,8.475,
02EA020,2,2007/08/31,8.468,
02EA020,2,2007/09/01,8.464,
02EA020,2,2007/09/02,8.457,
02EA020,2,2007/09/03,8.454,
02EA020,2,2007/09/04,8.451,
02EA020,2,2007/09/05,8.446,
02EA020,2,2007/09/06,8.442,
02EA020,2,2007/09/07,8.445,
02EA020,2,2007/09/08,8.463,
02EA020,2,2007/09/09,8.460,
02EA020,2,2007/09/10,8.458,
02EA020,2,2007/09/11,8.476,
02EA020,2,2007/09/12,8.473,
02EA020,2,2007/09/13,8.469,
02EA020,2,2007/09/14,8.467,
02EA020,2,2007/09/15,8.472,
02EA020,2,2007/09/16,8.466,
02EA020,2,2007/09/17,8.462,
02EA020,2,2007/09/18,8.457,
02EA020,2,2007/09/19,8.455,
02EA020,2,2007/09/20,8.456,
02EA020,2,2007/09/21,8.454,
02EA020,2,2007/09/22,8.451,
02EA020,2,2007/09/23,8.448,
02EA020,2,2007/09/24,8.445,
02EA020,2,2007/09/25,8.446,
02EA020,2,2007/09/26,8.453,
02EA020,2,2007/09/27,8.454,
02EA020,2,2007/09/28,8.455,
02EA020,2,2007/09/29,8.453,
02EA020,2,2007/09/30,8.449,
02EA020,2,2007/10/01,8.447,
02EA020,2,2007/10/02,8.444,
02EA020,2,2007/10/03,8.451,
02EA020,2,2007/10/04,8.455,
02EA020,2,2007/10/05,8.453,
02EA020,2,2007/10/06,8.476,
02EA020,2,2007/10/07,8.481,
02EA020,2,2007/10/08,8.484,
02EA020,2,2007/10/09,8.495,
02EA020,2,2007/10/10,8.495,
02EA020,2,2007/10/11,8.486,
02EA020,2,2007/10/12,8.471,
02EA020,2,2007/10/13,8.463,
02EA020,2,2007/10/14,8.455,
02EA020,2,2007/10/15,8.448,
02EA020,2,2007/10/16,8.439,
02EA020,2,2007/10/17,8.432,
02EA020,2,2007/10/18,8.422,
02EA020,2,2007/10/19,8.418,
02EA020,2,2007/10/20,8.420,
02EA020,2,2007/10/21,8.415,
02EA020,2,2007/10/22,8.408,
02EA020,2,2007/10/23,8.409,
02EA020,2,2007/10/24,8.407,
02EA020,2,2007/10/25,8.401,
02EA020,2,2007/10/26,8.394,
02EA020,2,2007/10/27,8.411,
02EA020,2,2007/10/28,8.409,
02EA020,2,2007/10/29,8.402,
02EA020,2,2007/10/30,8.397,
02EA020,2,2007/10/31,8.387,
02EA020,2,2007/11/01,8.382,
02EA020,2,2007/11/02,8.373,
02EA020,2,2007/11/03,8.365,
02EA020,2,2007/11/04,8.359,
02EA020,2,2007/11/05,8.355,
02EA020,2,2007/11/06,8.376,
02EA020,2,2007/11/07,8.381,
02EA020,2,2007/11/08,8.374,
02EA020,2,2007/11/09,8.369,
02EA020,2,2007/11/10,8.363,
02EA020,2,2007/11/11,8.356,
02EA020,2,2007/11/12,8.349,
02EA020,2,2007/11/13,8.347,
02EA020,2,2007/11/14,8.343,
02EA020,2,2007/11/15,8.341,
02EA020,2,2007/11/16,8.335,
02EA020,2,2007/11/17,8.327,
02EA020,2,2007/11/18,8.321,
02EA020,2,2007/11/19,8.314,
02EA020,2,2007/11/20,8.318,
02EA020,2,2007/11/21,8.321,
02EA020,2,2007/11/22,8.321,
02EA020,2,2007/11/23,8.312,
02EA020,2,2007/11/24,8.309,
02EA020,2,2007/11/25,8.309,
02EA020,2,2007/11/26,8.309,
02EA020,2,2007/11/27,8.311,
02EA020,2,2007/11/28,8.309,
02EA020,2,2007/11/29,8.309,
02EA020,2,2007/11/30,8.308,
02EA020,2,2007/12/01,8.306,
02EA020,2,2007/12/02,8.308,
02EA020,2,2007/12/03,8.323,
02EA020,2,2007/12/04,8.321,
02EA020,2,2007/12/05,8.316,
02EA020,2,2007/12/06,8.311,
02EA020,2,2007/12/07,8.307,
02EA020,2,2007/12/08,8.305,
02EA020,2,2007/12/09,8.301,
02EA020,2,2007/12/10,8.297,
02EA020,2,2007/12/11,8.293,
02EA020,2,2007/12/12,8.290,
02EA020,2,2007/12/13,8.288,
02EA020,2,2007/12/14,8.285,
02EA020,2,2007/12/15,8.282,
02EA020,2,2007/12/16,8.287,
02EA020,2,2007/12/17,8.292,
02EA020,2,2007/12/18,8.289,
02EA020,2,2007/12/19,8.288,
02EA020,2,2007/12/20,8.286,
02EA020,2,2007/12/21,8.282,
02EA020,2,2007/12/22,8.279,
02EA020,2,2007/12/23,8.288,
02EA020,2,2007/12/24,8.306,
02EA020,2,2007/12/25,8.305,
02EA020,2,2007/12/26,8.305,
02EA020,2,2007/12/27,8.305,
02EA020,2,2007/12/28,8.307,
02EA020,2,2007/12/29,8.316,
02EA020,2,2007/12/30,8.315,
02EA020,2,2007/12/31,8.314,
02EA020,2,2008/01/01,8.305,
02EA020,2,2008/01/02,8.302,
02EA020,2,2008/01/03,8.298,
02EA020,2,2008/01/04,8.297,
02EA020,2,2008/01/05,8.293,
02EA020,2,2008/01/06,8.291,
02EA020,2,2008/01/07,8.299,
02EA020,2,2008/01/08,8.339,
02EA020,2,2008/01/09,8.406,
02EA020,2,2008/01/10,8.449,
02EA020,2,2008/01/11,8.471,
02EA020,2,2008/01/12,8.480,
02EA020,2,2008/01/13,8.483,
02EA020,2,2008/01/14,8.486,
02EA020,2,2008/01/15,8.486,
02EA020,2,2008/01/16,8.483,
02EA020,2,2008/01/17,8.481,
02EA020,2,2008/01/18,8.484,
02EA020,2,2008/01/19,8.489,
02EA020,2,2008/01/20,8.484,
02EA020,2,2008/01/21,8.479,
02EA020,2,2008/01/22,8.480,
02EA020,2,2008/01/23,8.476,
02EA020,2,2008/01/24,8.468,
02EA020,2,2008/01/25,8.464,
02EA020,2,2008/01/26,8.458,
02EA020,2,2008/01/27,8.452,
02EA020,2,2008/01/28,8.446,
02EA020,2,2008/01/29,8.445,
02EA020,2,2008/01/30,8.453,
02EA020,2,2008/01/31,8.456,
02EA020,2,2008/02/01,8.457,
02EA020,2,2008/02/02,8.457,
02EA020,2,2008/02/03,8.454,
02EA020,2,2008/02/04,8.449,
02EA020,2,2008/02/05,8.451,
02EA020,2,2008/02/06,8.448,
02EA020,2,2008/02/07,8.440,
02EA020,2,2008/02/08,8.436,
02EA020,2,2008/02/09,8.432,
02EA020,2,2008/02/10,8.434,
02EA020,2,2008/02/11,8.429,
02EA020,2,2008/02/12,8.423,
02EA020,2,2008/02/13,8.422,
02EA020,2,2008/02/14,8.417,
02EA020,2,2008/02/15,8.418,
02EA020,2,2008/02/16,8.412,
02EA020,2,2008/02/17,8.414,
02EA020,2,2008/02/18,8.434,
02EA020,2,2008/02/19,8.433,
02EA020,2,2008/02/20,8.431,
02EA020,2,2008/02/21,8.429,
02EA020,2,2008/02/22,8.424,
02EA020,2,2008/02/23,8.419,
02EA020,2,2008/02/24,8.414,
02EA020,2,2008/02/25,8.409,
02EA020,2,2008/02/26,8.405,
02EA020,2,2008/02/27,8.399,
02EA020,2,2008/02/28,8.394,
02EA020,2,2008/02/29,8.388,
02EA020,2,2008/03/01,8.386,
02EA020,2,2008/03/02,8.380,
02EA020,2,2008/03/03,8.384,
02EA020,2,2008/03/04,8.386,
02EA020,2,2008/03/05,8.383,
02EA020,2,2008/03/06,8.381,
02EA020,2,2008/03/07,8.379,
02EA020,2,2008/03/08,8.372,
02EA020,2,2008/03/09,8.371,
02EA020,2,2008/03/10,8.366,
02EA020,2,2008/03/11,8.361,
02EA020,2,2008/03/12,8.358,
02EA020,2,2008/03/13,8.353,
02EA020,2,2008/03/14,8.349,
02EA020,2,2008/03/15,8.347,
02EA020,2,2008/03/16,8.341,
02EA020,2,2008/03/17,8.336,
02EA020,2,2008/03/18,8.331,
02EA020,2,2008/03/19,8.334,
02EA020,2,2008/03/20,8.330,
02EA020,2,2008/03/21,8.326,
02EA020,2,2008/03/22,8.319,
02EA020,2,2008/03/23,8.314,
02EA020,2,2008/03/24,8.309,
02EA020,2,2008/03/25,8.309,
02EA020,2,2008/03/26,8.311,
02EA020,2,2008/03/27,8.306,
02EA020,2,2008/03/28,8.301,
02EA020,2,2008/03/29,8.296,
02EA020,2,2008/03/30,8.290,
02EA020,2,2008/03/31,8.291,
02EA020,2,2008/04/01,8.340,
02EA020,2,2008/04/02,8.363,
02EA020,2,2008/04/03,8.374,
02EA020,2,2008/04/04,8.384,
02EA020,2,2008/04/05,8.391,
02EA020,2,2008/04/06,8.401,
02EA020,2,2008/04/07,8.417,
02EA020,2,2008/04/08,8.443,
02EA020,2,2008/04/09,8.481,
02EA020,2,2008/04/10,8.515,
02EA020,2,2008/04/11,8.539,
02EA020,2,2008/04/12,8.568,
02EA020,2,2008/04/13,8.576,
02EA020,2,2008/04/14,8.580,
02EA020,2,2008/04/15,8.582,
02EA020,2,2008/04/16,8.587,
02EA020,2,2008/04/17,8.594,
02EA020,2,2008/04/18,8.607,
02EA020,2,2008/04/19,8.624,
02EA020,2,2008/04/20,8.636,
02EA020,2,2008/04/21,8.643,
02EA020,2,2008/04/22,8.646,
02EA020,2,2008/04/23,8.647,
02EA020,2,2008/04/24,8.644,
02EA020,2,2008/04/25,8.639,
02EA020,2,2008/04/26,8.642,
02EA020,2,2008/04/27,8.639,
02EA020,2,2008/04/28,8.643,
02EA020,2,2008/04/29,8.640,
02EA020,2,2008/04/30,8.635,
02EA020,2,2008/05/01,8.632,
02EA020,2,2008/05/02,8.625,
02EA020,2,2008/05/03,8.633,
02EA020,2,2008/05/04,8.659,
02EA020,2,2008/05/05,8.663,
02EA020,2,2008/05/06,8.660,
02EA020,2,2008/05/07,8.663,
02EA020,2,2008/05/08,8.674,
02EA020,2,2008/05/09,8.671,
02EA020,2,2008/05/10,8.663,
02EA020,2,2008/05/11,8.655,
02EA020,2,2008/05/12,8.646,
02EA020,2,2008/05/13,8.637,
02EA020,2,2008/05/14,8.631,
02EA020,2,2008/05/15,8.636,
02EA020,2,2008/05/16,8.625,
02EA020,2,2008/05/17,8.621,
02EA020,2,2008/05/18,8.626,
02EA020,2,2008/05/19,8.637,
02EA020,2,2008/05/20,8.633,
02EA020,2,2008/05/21,8.631,
02EA020,2,2008/05/22,8.629,
02EA020,2,2008/05/23,8.623,
02EA020,2,2008/05/24,8.615,
02EA020,2,2008/05/25,8.602,
02EA020,2,2008/05/26,8.596,
02EA020,2,2008/05/27,8.599,
02EA020,2,2008/05/28,8.599,
02EA020,2,2008/05/29,8.596,
02EA020,2,2008/05/30,8.596,
02EA020,2,2008/05/31,8.608,
02EA020,2,2008/06/01,8.610,
02EA020,2,2008/06/02,8.609,
02EA020,2,2008/06/03,8.609,
02EA020,2,2008/06/04,8.609,
02EA020,2,2008/06/05,8.612,
02EA020,2,2008/06/06,8.634,
02EA020,2,2008/06/07,8.636,
02EA020,2,2008/06/08,8.638,
02EA020,2,2008/06/09,8.637,
02EA020,2,2008/06/10,8.653,
02EA020,2,2008/06/11,8.672,
02EA020,2,2008/06/12,8.669,
02EA020,2,2008/06/13,8.671,
02EA020,2,2008/06/14,8.716,
02EA020,2,2008/06/15,8.723,
02EA020,2,2008/06/16,8.717,
02EA020,2,2008/06/17,8.719,
02EA020,2,2008/06/18,8.723,
02EA020,2,2008/06/19,8.722,
02EA020,2,2008/06/20,8.717,
02EA020,2,2008/06/21,8.712,
02EA020,2,2008/06/22,8.712,
02EA020,2,2008/06/23,8.707,
02EA020,2,2008/06/24,8.699,
02EA020,2,2008/06/25,8.684,
02EA020,2,2008/06/26,8.676,
02EA020,2,2008/06/27,8.668,
02EA020,2,2008/06/28,8.669,
02EA020,2,2008/06/29,8.665,
02EA020,2,2008/06/30,8.656,
02EA020,2,2008/07/01,8.641,
02EA020,2,2008/07/02,8.625,
02EA020,2,2008/07/03,8.641,
02EA020,2,2008/07/04,8.633,
02EA020,2,2008/07/05,8.620,
02EA020,2,2008/07/06,8.609,
02EA020,2,2008/07/07,8.598,
02EA020,2,2008/07/08,8.618,
02EA020,2,2008/07/09,8.630,
02EA020,2,2008/07/10,8.622,
02EA020,2,2008/07/11,8.619,
02EA020,2,2008/07/12,8.609,
02EA020,2,2008/07/13,8.608,
02EA020,2,2008/07/14,8.604,
02EA020,2,2008/07/15,8.595,
02EA020,2,2008/07/16,8.586,
02EA020,2,2008/07/17,8.577,
02EA020,2,2008/07/18,8.585,
02EA020,2,2008/07/19,8.586,
02EA020,2,2008/07/20,8.580,
02EA020,2,2008/07/21,8.572,
02EA020,2,2008/07/22,8.569,
02EA020,2,2008/07/23,8.567,
02EA020,2,2008/07/24,8.562,
02EA020,2,2008/07/25,8.553,
02EA020,2,2008/07/26,8.549,
02EA020,2,2008/07/27,8.547,
02EA020,2,2008/07/28,8.545,
02EA020,2,2008/07/29,8.544,
02EA020,2,2008/07/30,8.547,
02EA020,2,2008/07/31,8.552,
02EA020,2,2008/08/01,8.561,
02EA020,2,2008/08/02,8.581,
02EA020,2,2008/08/03,8.577,
02EA020,2,2008/08/04,8.575,
02EA020,2,2008/08/05,8.592,
02EA020,2,2008/08/06,8.650,
02EA020,2,2008/08/07,8.659,
02EA020,2,2008/08/08,8.657,
02EA020,2,2008/08/09,8.670,
02EA020,2,2008/08/10,8.695,
02EA020,2,2008/08/11,8.694,
02EA020,2,2008/08/12,8.685,
02EA020,2,2008/08/13,8.698,
02EA020,2,2008/08/14,8.701,
02EA020,2,2008/08/15,8.695,
02EA020,2,2008/08/16,8.688,
02EA020,2,2008/08/17,8.678,
02EA020,2,2008/08/18,8.673,
02EA020,2,2008/08/19,8.666,
02EA020,2,2008/08/20,8.654,
02EA020,2,2008/08/21,8.644,A
02EA020,2,2008/08/22,8.640,E
02EA020,2,2008/08/23,8.640,E
02EA020,2,2008/08/24,8.630,E
02EA020,2,2008/08/25,8.650,E
02EA020,2,2008/08/26,8.660,E
02EA020,2,2008/08/27,8.668,A
02EA020,2,2008/08/28,8.659,
02EA020,2,2008/08/29,8.645,
02EA020,2,2008/08/30,8.634,
02EA020,2,2008/08/31,8.625,
02EA020,2,2008/09/01,8.616,
02EA020,2,2008/09/02,8.613,
02EA020,2,2008/09/03,8.613,
02EA020,2,2008/09/04,8.614,
02EA020,2,2008/09/05,8.605,
02EA020,2,2008/09/06,8.600,
02EA020,2,2008/09/07,8.592,
02EA020,2,2008/09/08,8.589,
02EA020,2,2008/09/09,8.586,
02EA020,2,2008/09/10,8.577,
02EA020,2,2008/09/11,8.569,
02EA020,2,2008/09/12,8.565,
02EA020,2,2008/09/13,8.560,
02EA020,2,2008/09/14,8.573,
02EA020,2,2008/09/15,8.625,
02EA020,2,2008/09/16,8.625,
02EA020,2,2008/09/17,8.622,
02EA020,2,2008/09/18,8.616,
02EA020,2,2008/09/19,8.607,
02EA020,2,2008/09/20,8.602,
02EA020,2,2008/09/21,8.596,
02EA020,2,2008/09/22,8.587,
02EA020,2,2008/09/23,8.581,
02EA020,2,2008/09/24,8.574,
02EA020,2,2008/09/25,8.569,
02EA020,2,2008/09/26,8.563,
02EA020,2,2008/09/27,8.558,
02EA020,2,2008/09/28,8.553,
02EA020,2,2008/09/29,8.544,
02EA020,2,2008/09/30,8.541,
02EA020,2,2008/10/01,8.538,
02EA020,2,2008/10/02,8.532,
02EA020,2,2008/10/03,8.526,
02EA020,2,2008/10/04,8.520,
02EA020,2,2008/10/05,8.515,
02EA020,2,2008/10/06,8.510,
02EA020,2,2008/10/07,8.505,
02EA020,2,2008/10/08,8.505,
02EA020,2,2008/10/09,8.510,
02EA020,2,2008/10/10,8.509,
02EA020,2,2008/10/11,8.507,
02EA020,2,2008/10/12,8.504,
02EA020,2,2008/10/13,8.503,
02EA020,2,2008/10/14,8.500,
02EA020,2,2008/10/15,8.497,
02EA020,2,2008/10/16,8.496,
02EA020,2,2008/10/17,8.490,
02EA020,2,2008/10/18,8.487,
02EA020,2,2008/10/19,8.480,
02EA020,2,2008/10/20,8.478,
02EA020,2,2008/10/21,8.488,
02EA020,2,2008/10/22,8.484,
02EA020,2,2008/10/23,8.479,
02EA020,2,2008/10/24,8.475,
02EA020,2,2008/10/25,8.480,
02EA020,2,2008/10/26,8.495,
02EA020,2,2008/10/27,8.514,
02EA020,2,2008/10/28,8.516,
02EA020,2,2008/10/29,8.508,
02EA020,2,2008/10/30,8.505,
02EA020,2,2008/10/31,8.504,
02EA020,2,2008/11/01,8.501,
02EA020,2,2008/11/02,8.496,
02EA020,2,2008/11/03,8.493,
02EA020,2,2008/11/04,8.493,
02EA020,2,2008/11/05,8.491,
02EA020,2,2008/11/06,8.489,
02EA020,2,2008/11/07,8.487,
02EA020,2,2008/11/08,8.502,
02EA020,2,2008/11/09,8.511,
02EA020,2,2008/11/10,8.518,
02EA020,2,2008/11/11,8.518,
02EA020,2,2008/11/12,8.517,
02EA020,2,2008/11/13,8.523,
02EA020,2,2008/11/14,8.530,
02EA020,2,2008/11/15,8.546,
02EA020,2,2008/11/16,8.561,
02EA020,2,2008/11/17,8.563,
02EA020,2,2008/11/18,8.561,
02EA020,2,2008/11/19,8.558,
02EA020,2,2008/11/20,8.555,
02EA020,2,2008/11/21,8.549,
02EA020,2,2008/11/22,8.545,
02EA020,2,2008/11/23,8.540,
02EA020,2,2008/11/24,8.538,
02EA020,2,2008/11/25,8.541,
02EA020,2,2008/11/26,8.542,
02EA020,2,2008/11/27,8.540,
02EA020,2,2008/11/28,8.542,
02EA020,2,2008/11/29,8.540,
02EA020,2,2008/11/30,8.537,
02EA020,2,2008/12/01,8.546,
02EA020,2,2008/12/02,8.545,
02EA020,2,2008/12/03,8.542,
02EA020,2,2008/12/04,8.546,
02EA020,2,2008/12/05,8.544,
02EA020,2,2008/12/06,8.540,
02EA020,2,2008/12/07,8.541,
02EA020,2,2008/12/08,8.536,
02EA020,2,2008/12/09,8.543,
02EA020,2,2008/12/10,8.551,
02EA020,2,2008/12/11,8.548,
02EA020,2,2008/12/12,8.544,
02EA020,2,2008/12/13,8.542,
02EA020,2,2008/12/14,8.547,
02EA020,2,2008/12/15,8.561,
02EA020,2,2008/12/16,8.569,
02EA020,2,2008/12/17,8.573,
02EA020,2,2008/12/18,8.575,
02EA020,2,2008/12/19,8.575,
02EA020,2,2008/12/20,8.572,
02EA020,2,2008/12/21,8.574,
02EA020,2,2008/12/22,8.574,
02EA020,2,2008/12/23,8.573,
02EA020,2,2008/12/24,8.576,
02EA020,2,2008/12/25,8.583,
02EA020,2,2008/12/26,8.580,
02EA020,2,2008/12/27,8.593,
02EA020,2,2008/12/28,8.642,
02EA020,2,2008/12/29,8.677,
02EA020,2,2008/12/30,8.697,
02EA020,2,2008/12/31,8.703,
02EA020,2,2009/01/01,8.703,
02EA020,2,2009/01/02,8.701,
02EA020,2,2009/01/03,8.698,
02EA020,2,2009/01/04,8.692,
02EA020,2,2009/01/05,8.691,
02EA020,2,2009/01/06,8.686,
02EA020,2,2009/01/07,8.685,
02EA020,2,2009/01/08,8.683,
02EA020,2,2009/01/09,8.677,
02EA020,2,2009/01/10,8.672,
02EA020,2,2009/01/11,8.665,
02EA020,2,2009/01/12,8.658,
02EA020,2,2009/01/13,8.652,
02EA020,2,2009/01/14,8.642,
02EA020,2,2009/01/15,8.640,A
02EA020,2,2009/01/16,8.630,E
02EA020,2,2009/01/17,8.620,E
02EA020,2,2009/01/18,8.610,E
02EA020,2,2009/01/19,8.600,E
02EA020,2,2009/01/20,8.590,E
02EA020,2,2009/01/21,8.580,E
02EA020,2,2009/01/22,8.570,E
02EA020,2,2009/01/23,8.560,E
02EA020,2,2009/01/24,8.550,E
02EA020,2,2009/01/25,8.530,E
02EA020,2,2009/01/26,8.520,E
02EA020,2,2009/01/27,8.510,E
02EA020,2,2009/01/28,8.500,E
02EA020,2,2009/01/29,8.500,E
02EA020,2,2009/01/30,8.510,E
02EA020,2,2009/01/31,8.520,E
02EA020,2,2009/02/01,8.525,E
02EA020,2,2009/02/02,8.535,E
02EA020,2,2009/02/03,8.540,E
02EA020,2,2009/02/04,8.542,E
02EA020,2,2009/02/05,8.539,
02EA020,2,2009/02/06,8.534,
02EA020,2,2009/02/07,8.530,
02EA020,2,2009/02/08,8.527,
02EA020,2,2009/02/09,8.522,
02EA020,2,2009/02/10,8.519,
02EA020,2,2009/02/11,8.520,
02EA020,2,2009/02/12,8.549,
02EA020,2,2009/02/13,8.556,
02EA020,2,2009/02/14,8.558,
02EA020,2,2009/02/15,8.557,
02EA020,2,2009/02/16,8.554,
02EA020,2,2009/02/17,8.551,
02EA020,2,2009/02/18,8.547,
02EA020,2,2009/02/19,8.551,
02EA020,2,2009/02/20,8.549,
02EA020,2,2009/02/21,8.546,
02EA020,2,2009/02/22,8.545,
02EA020,2,2009/02/23,8.541,
02EA020,2,2009/02/24,8.537,
02EA020,2,2009/02/25,8.531,
02EA020,2,2009/02/26,8.529,
02EA020,2,2009/02/27,8.541,
02EA020,2,2009/02/28,8.543,
02EA020,2,2009/03/01,8.539,
02EA020,2,2009/03/02,8.536,
02EA020,2,2009/03/03,8.531,
02EA020,2,2009/03/04,8.525,
02EA020,2,2009/03/05,8.520,
02EA020,2,2009/03/06,8.520,
02EA020,2,2009/03/07,8.518,
02EA020,2,2009/03/08,8.514,
02EA020,2,2009/03/09,8.515,
02EA020,2,2009/03/10,8.511,
02EA020,2,2009/03/11,8.526,
02EA020,2,2009/03/12,8.527,
02EA020,2,2009/03/13,8.525,
02EA020,2,2009/03/14,8.523,
02EA020,2,2009/03/15,8.520,
02EA020,2,2009/03/16,8.518,
02EA020,2,2009/03/17,8.517,
02EA020,2,2009/03/18,8.520,
02EA020,2,2009/03/19,8.525,
02EA020,2,2009/03/20,8.526,
02EA020,2,2009/03/21,8.527,
02EA020,2,2009/03/22,8.526,
02EA020,2,2009/03/23,8.523,
02EA020,2,2009/03/24,8.518,
02EA020,2,2009/03/25,8.514,
02EA020,2,2009/03/26,8.517,
02EA020,2,2009/03/27,8.520,
02EA020,2,2009/03/28,8.527,
02EA020,2,2009/03/29,8.551,
02EA020,2,2009/03/30,8.586,
02EA020,2,2009/03/31,8.599,
02EA020,2,2009/04/01,8.611,
02EA020,2,2009/04/02,8.622,
02EA020,2,2009/04/03,8.650,
02EA020,2,2009/04/04,8.712,
02EA020,2,2009/04/05,8.740,
02EA020,2,2009/04/06,8.754,
02EA020,2,2009/04/07,8.759,
02EA020,2,2009/04/08,8.759,
02EA020,2,2009/04/09,8.755,
02EA020,2,2009/04/10,8.751,
02EA020,2,2009/04/11,8.745,
02EA020,2,2009/04/12,8.737,
02EA020,2,2009/04/13,8.731,
02EA020,2,2009/04/14,8.722,
02EA020,2,2009/04/15,8.707,
02EA020,2,2009/04/16,8.700,
02EA020,2,2009/04/17,8.693,
02EA020,2,2009/04/18,8.697,
02EA020,2,2009/04/19,8.703,
02EA020,2,2009/04/20,8.702,
02EA020,2,2009/04/21,8.704,
02EA020,2,2009/04/22,8.704,
02EA020,2,2009/04/23,8.703,
02EA020,2,2009/04/24,8.698,
02EA020,2,2009/04/25,8.703,
02EA020,2,2009/04/26,8.724,
02EA020,2,2009/04/27,8.724,
02EA020,2,2009/04/28,8.738,
02EA020,2,2009/04/29,8.735,
02EA020,2,2009/04/30,8.729,
02EA020,2,2009/05/01,8.731,
02EA020,2,2009/05/02,8.726,
02EA020,2,2009/05/03,8.716,
02EA020,2,2009/05/04,8.707,
02EA020,2,2009/05/05,8.694,
02EA020,2,2009/05/06,8.683,
02EA020,2,2009/05/07,8.673,
02EA020,2,2009/05/08,8.668,
02EA020,2,2009/05/09,8.662,
02EA020,2,2009/05/10,8.649,
02EA020,2,2009/05/11,8.638,
02EA020,2,2009/05/12,8.624,
02EA020,2,2009/05/13,8.611,
02EA020,2,2009/05/14,8.610,
02EA020,2,2009/05/15,8.616,
02EA020,2,2009/05/16,8.609,
02EA020,2,2009/05/17,8.601,
02EA020,2,2009/05/18,8.593,
02EA020,2,2009/05/19,8.586,
02EA020,2,2009/05/20,8.594,
02EA020,2,2009/05/21,8.587,
02EA020,2,2009/05/22,8.584,
02EA020,2,2009/05/23,8.571,
02EA020,2,2009/05/24,8.563,
02EA020,2,2009/05/25,8.556,
02EA020,2,2009/05/26,8.541,
02EA020,2,2009/05/27,8.555,
02EA020,2,2009/05/28,8.588,
02EA020,2,2009/05/29,8.602,
02EA020,2,2009/05/30,8.601,
02EA020,2,2009/05/31,8.598,
02EA020,2,2009/06/01,8.599,
02EA020,2,2009/06/02,8.602,
02EA020,2,2009/06/03,8.598,
02EA020,2,2009/06/04,8.594,
02EA020,2,2009/06/05,8.589,
02EA020,2,2009/06/06,8.584,
02EA020,2,2009/06/07,8.581,
02EA020,2,2009/06/08,8.580,
02EA020,2,2009/06/09,8.592,
02EA020,2,2009/06/10,8.597,
02EA020,2,2009/06/11,8.597,
02EA020,2,2009/06/12,8.595,
02EA020,2,2009/06/13,8.590,
02EA020,2,2009/06/14,8.584,
02EA020,2,2009/06/15,8.583,
02EA020,2,2009/06/16,8.578,
02EA020,2,2009/06/17,8.573,
02EA020,2,2009/06/18,8.573,
02EA020,2,2009/06/19,8.571,
02EA020,2,2009/06/20,8.575,
02EA020,2,2009/06/21,8.580,
02EA020,2,2009/06/22,8.580,
02EA020,2,2009/06/23,8.576,
02EA020,2,2009/06/24,8.573,
02EA020,2,2009/06/25,8.569,
02EA020,2,2009/06/26,8.573,
02EA020,2,2009/06/27,8.567,
02EA020,2,2009/06/28,8.565,
02EA020,2,2009/06/29,8.569,
02EA020,2,2009/06/30,8.572,
02EA020,2,2009/07/01,8.571,
02EA020,2,2009/07/02,8.573,
02EA020,2,2009/07/03,8.584,
02EA020,2,2009/07/04,8.592,
02EA020,2,2009/07/05,8.587,
02EA020,2,2009/07/06,8.586,
02EA020,2,2009/07/07,8.593,
02EA020,2,2009/07/08,8.601,
02EA020,2,2009/07/09,8.599,
02EA020,2,2009/07/10,8.594,
02EA020,2,2009/07/11,8.603,
02EA020,2,2009/07/12,8.602,
02EA020,2,2009/07/13,8.592,
02EA020,2,2009/07/14,8.580,
02EA020,2,2009/07/15,8.573,
02EA020,2,2009/07/16,8.567,
02EA020,2,2009/07/17,8.564,
02EA020,2,2009/07/18,8.561,
02EA020,2,2009/07/19,8.560,
02EA020,2,2009/07/20,8.559,
02EA020,2,2009/07/21,8.560,
02EA020,2,2009/07/22,8.558,
02EA020,2,2009/07/23,8.569,
02EA020,2,2009/07/24,8.580,
02EA020,2,2009/07/25,8.582,
02EA020,2,2009/07/26,8.586,
02EA020,2,2009/07/27,8.580,
02EA020,2,2009/07/28,8.580,
02EA020,2,2009/07/29,8.579,
02EA020,2,2009/07/30,8.571,
02EA020,2,2009/07/31,8.573,
02EA020,2,2009/08/01,8.575,
02EA020,2,2009/08/02,8.594,
02EA020,2,2009/08/03,8.597,
02EA020,2,2009/08/04,8.596,
02EA020,2,2009/08/05,8.587,
02EA020,2,2009/08/06,8.578,
02EA020,2,2009/08/07,8.573,
02EA020,2,2009/08/08,8.565,
02EA020,2,2009/08/09,8.562,
02EA020,2,2009/08/10,8.564,
02EA020,2,2009/08/11,8.562,
02EA020,2,2009/08/12,8.557,
02EA020,2,2009/08/13,8.550,
02EA020,2,2009/08/14,8.544,
02EA020,2,2009/08/15,8.538,
02EA020,2,2009/08/16,8.535,
02EA020,2,2009/08/17,8.529,
02EA020,2,2009/08/18,8.528,
02EA020,2,2009/08/19,8.524,
02EA020,2,2009/08/20,8.532,
02EA020,2,2009/08/21,8.543,
02EA020,2,2009/08/22,8.543,
02EA020,2,2009/08/23,8.538,
02EA020,2,2009/08/24,8.530,
02EA020,2,2009/08/25,8.520,
02EA020,2,2009/08/26,8.520,
02EA020,2,2009/08/27,8.513,
02EA020,2,2009/08/28,8.509,
02EA020,2,2009/08/29,8.514,
02EA020,2,2009/08/30,8.512,
02EA020,2,2009/08/31,8.508,
02EA020,2,2009/09/01,8.503,
02EA020,2,2009/09/02,8.500,
02EA020,2,2009/09/03,8.497,
02EA020,2,2009/09/04,8.495,
02EA020,2,2009/09/05,8.494,
02EA020,2,2009/09/06,8.490,
02EA020,2,2009/09/07,8.487,
02EA020,2,2009/09/08,8.487,
02EA020,2,2009/09/09,8.486,
02EA020,2,2009/09/10,8.482,
02EA020,2,2009/09/11,8.479,
02EA020,2,2009/09/12,8.476,
02EA020,2,2009/09/13,8.475,
02EA020,2,2009/09/14,8.469,
02EA020,2,2009/09/15,8.468,
02EA020,2,2009/09/16,8.462,
02EA020,2,2009/09/17,8.455,
02EA020,2,2009/09/18,8.453,
02EA020,2,2009/09/19,8.448,
02EA020,2,2009/09/20,8.444,
02EA020,2,2009/09/21,8.441,
02EA020,2,2009/09/22,8.443,
02EA020,2,2009/09/23,8.449,
02EA020,2,2009/09/24,8.450,
02EA020,2,2009/09/25,8.447,
02EA020,2,2009/09/26,8.440,
02EA020,2,2009/09/27,8.440,
02EA020,2,2009/09/28,8.450,
02EA020,2,2009/09/29,8.459,
02EA020,2,2009/09/30,8.456,
02EA020,2,2009/10/01,8.453,
02EA020,2,2009/10/02,8.454,
02EA020,2,2009/10/03,8.457,
02EA020,2,2009/10/04,8.463,
02EA020,2,2009/10/05,8.472,
02EA020,2,2009/10/06,8.475,
02EA020,2,2009/10/07,8.464,
02EA020,2,2009/10/08,8.446,
02EA020,2,2009/10/09,8.441,
02EA020,2,2009/10/10,8.431,
02EA020,2,2009/10/11,8.426,
02EA020,2,2009/10/12,8.417,
02EA020,2,2009/10/13,8.416,
02EA020,2,2009/10/14,8.408,
02EA020,2,2009/10/15,8.397,
02EA020,2,2009/10/16,8.385,
02EA020,2,2009/10/17,8.374,
02EA020,2,2009/10/18,8.364,
02EA020,2,2009/10/19,8.353,
02EA020,2,2009/10/20,8.345,
02EA020,2,2009/10/21,8.338,
02EA020,2,2009/10/22,8.342,
02EA020,2,2009/10/23,8.338,
02EA020,2,2009/10/24,8.342,
02EA020,2,2009/10/25,8.342,
02EA020,2,2009/10/26,8.343,
02EA020,2,2009/10/27,8.352,
02EA020,2,2009/10/28,8.351,
02EA020,2,2009/10/29,8.345,
02EA020,2,2009/10/30,8.348,
02EA020,2,2009/10/31,8.369,
02EA020,2,2009/11/01,8.377,
02EA020,2,2009/11/02,8.375,
02EA020,2,2009/11/03,8.375,
02EA020,2,2009/11/04,8.370,
02EA020,2,2009/11/05,8.369,
02EA020,2,2009/11/06,8.363,
02EA020,2,2009/11/07,8.353,
02EA020,2,2009/11/08,8.350,
02EA020,2,2009/11/09,8.343,
02EA020,2,2009/11/10,8.337,
02EA020,2,2009/11/11,8.330,
02EA020,2,2009/11/12,8.322,
02EA020,2,2009/11/13,8.315,
02EA020,2,2009/11/14,8.307,
02EA020,2,2009/11/15,8.301,
02EA020,2,2009/11/16,8.295,
02EA020,2,2009/11/17,8.290,
02EA020,2,2009/11/18,8.283,
02EA020,2,2009/11/19,8.279,
02EA020,2,2009/11/20,8.308,
02EA020,2,2009/11/21,8.325,
02EA020,2,2009/11/22,8.325,
02EA020,2,2009/11/23,8.323,
02EA020,2,2009/11/24,8.321,
02EA020,2,2009/11/25,8.321,
02EA020,2,2009/11/26,8.326,
02EA020,2,2009/11/27,8.328,
02EA020,2,2009/11/28,8.324,
02EA020,2,2009/11/29,8.322,
02EA020,2,2009/11/30,8.320,
02EA020,2,2009/12/01,8.323,
02EA020,2,2009/12/02,8.320,
02EA020,2,2009/12/03,8.325,
02EA020,2,2009/12/04,8.321,
02EA020,2,2009/12/05,8.321,
02EA020,2,2009/12/06,8.322,
02EA020,2,2009/12/07,8.319,
02EA020,2,2009/12/08,8.311,
02EA020,2,2009/12/09,8.315,
02EA020,2,2009/12/10,8.317,
02EA020,2,2009/12/11,8.310,
02EA020,2,2009/12/12,8.306,
02EA020,2,2009/12/13,8.302,
02EA020,2,2009/12/14,8.300,
02EA020,2,2009/12/15,8.298,
02EA020,2,2009/12/16,8.292,
02EA020,2,2009/12/17,8.282,
02EA020,2,2009/12/18,8.275,
02EA020,2,2009/12/19,8.268,
02EA020,2,2009/12/20,8.265,
02EA020,2,2009/12/21,8.260,
02EA020,2,2009/12/22,8.257,
02EA020,2,2009/12/23,8.253,
02EA020,2,2009/12/24,8.244,
02EA020,2,2009/12/25,8.238,
02EA020,2,2009/12/26,8.244,
02EA020,2,2009/12/27,8.242,
02EA020,2,2009/12/28,8.242,
02EA020,2,2009/12/29,8.240,
02EA020,2,2009/12/30,8.236,
02EA020,2,2009/12/31,8.234,
02EA020,2,2010/01/01,8.232,
02EA020,2,2010/01/02,8.224,
02EA020,2,2010/01/03,8.217,
02EA020,2,2010/01/04,8.212,
02EA020,2,2010/01/05,8.207,
02EA020,2,2010/01/06,8.197,
02EA020,2,2010/01/07,8.188,
02EA020,2,2010/01/08,8.184,
02EA020,2,2010/01/09,8.185,
02EA020,2,2010/01/10,8.174,
02EA020,2,2010/01/11,8.167,
02EA020,2,2010/01/12,8.165,
02EA020,2,2010/01/13,8.160,
02EA020,2,2010/01/14,8.154,
02EA020,2,2010/01/15,8.147,
02EA020,2,2010/01/16,8.142,
02EA020,2,2010/01/17,8.138,
02EA020,2,2010/01/18,8.140,
02EA020,2,2010/01/19,8.133,
02EA020,2,2010/01/20,8.128,
02EA020,2,2010/01/21,8.127,
02EA020,2,2010/01/22,8.126,
02EA020,2,2010/01/23,8.120,
02EA020,2,2010/01/24,8.118,
02EA020,2,2010/01/25,8.131,
02EA020,2,2010/01/26,8.138,
02EA020,2,2010/01/27,8.135,
02EA020,2,2010/01/28,8.137,
02EA020,2,2010/01/29,8.133,A
02EA020,2,2010/01/30,,
02EA020,2,2010/01/31,,
02EA020,2,2010/02/01,,
02EA020,2,2010/02/02,,
02EA020,2,2010/02/03,,
02EA020,2,2010/02/04,,
02EA020,2,2010/02/05,,
02EA020,2,2010/02/06,,
02EA020,2,2010/02/07,,
02EA020,2,2010/02/08,,
02EA020,2,2010/02/09,8.098,A
02EA020,2,2010/02/10,8.098,
02EA020,2,2010/02/11,8.096,
02EA020,2,2010/02/12,8.095,
02EA020,2,2010/02/13,8.090,
02EA020,2,2010/02/14,8.090,
02EA020,2,2010/02/15,8.084,
02EA020,2,2010/02/16,8.081,
02EA020,2,2010/02/17,8.079,
02EA020,2,2010/02/18,8.078,
02EA020,2,2010/02/19,8.076,
02EA020,2,2010/02/20,8.073,
02EA020,2,2010/02/21,8.069,
02EA020,2,2010/02/22,8.066,
02EA020,2,2010/02/23,8.070,
02EA020,2,2010/02/24,8.070,
02EA020,2,2010/02/25,8.068,
02EA020,2,2010/02/26,8.070,
02EA020,2,2010/02/27,8.070,
02EA020,2,2010/02/28,8.065,
02EA020,2,2010/03/01,8.060,
02EA020,2,2010/03/02,8.059,
02EA020,2,2010/03/03,8.055,
02EA020,2,2010/03/04,8.052,
02EA020,2,2010/03/05,8.049,
02EA020,2,2010/03/06,8.045,
02EA020,2,2010/03/07,8.044,
02EA020,2,2010/03/08,8.043,
02EA020,2,2010/03/09,8.040,
02EA020,2,2010/03/10,8.041,
02EA020,2,2010/03/11,8.040,
02EA020,2,2010/03/12,8.043,
02EA020,2,2010/03/13,8.052,
02EA020,2,2010/03/14,8.067,
02EA020,2,2010/03/15,8.079,
02EA020,2,2010/03/16,8.123,
02EA020,2,2010/03/17,8.156,
02EA020,2,2010/03/18,8.171,
02EA020,2,2010/03/19,8.186,
02EA020,2,2010/03/20,8.194,
02EA020,2,2010/03/21,8.198,
02EA020,2,2010/03/22,8.208,
02EA020,2,2010/03/23,8.220,
02EA020,2,2010/03/24,8.219,
02EA020,2,2010/03/25,8.225,
02EA020,2,2010/03/26,8.228,
02EA020,2,2010/03/27,8.228,
02EA020,2,2010/03/28,8.230,
02EA020,2,2010/03/29,8.237,
02EA020,2,2010/03/30,8.238,
02EA020,2,2010/03/31,8.240,
02EA020,2,2010/04/01,8.244,
02EA020,2,2010/04/02,8.245,
02EA020,2,2010/04/03,8.247,
02EA020,2,2010/04/04,8.255,
02EA020,2,2010/04/05,8.265,
02EA020,2,2010/04/06,8.275,
02EA020,2,2010/04/07,8.303,
02EA020,2,2010/04/08,8.328,
02EA020,2,2010/04/09,8.341,
02EA020,2,2010/04/10,8.353,
02EA020,2,2010/04/11,8.362,
02EA020,2,2010/04/12,8.367,
02EA020,2,2010/04/13,8.372,
02EA020,2,2010/04/14,8.375,
02EA020,2,2010/04/15,8.380,
02EA020,2,2010/04/16,8.378,
02EA020,2,2010/04/17,8.385,
02EA020,2,2010/04/18,8.390,
02EA020,2,2010/04/19,8.391,
02EA020,2,2010/04/20,8.392,
02EA020,2,2010/04/21,8.397,
02EA020,2,2010/04/22,8.396,
02EA020,2,2010/04/23,8.394,
02EA020,2,2010/04/24,8.395,
02EA020,2,2010/04/25,8.402,
02EA020,2,2010/04/26,8.399,
02EA020,2,2010/04/27,8.392,
02EA020,2,2010/04/28,8.390,
02EA020,2,2010/04/29,8.389,
02EA020,2,2010/04/30,8.388,
02EA020,2,2010/05/01,8.391,
02EA020,2,2010/05/02,8.403,
02EA020,2,2010/05/03,8.411,
02EA020,2,2010/05/04,8.411,
02EA020,2,2010/05/05,8.419,
02EA020,2,2010/05/06,8.423,
02EA020,2,2010/05/07,8.424,
02EA020,2,2010/05/08,8.435,
02EA020,2,2010/05/09,8.434,
02EA020,2,2010/05/10,8.437,
02EA020,2,2010/05/11,8.440,
02EA020,2,2010/05/12,8.447,
02EA020,2,2010/05/13,8.444,
02EA020,2,2010/05/14,8.448,
02EA020,2,2010/05/15,8.451,
02EA020,2,2010/05/16,8.454,
02EA020,2,2010/05/17,8.455,
02EA020,2,2010/05/18,8.455,
02EA020,2,2010/05/19,8.455,
02EA020,2,2010/05/20,8.456,
02EA020,2,2010/05/21,8.458,
02EA020,2,2010/05/22,8.456,
02EA020,2,2010/05/23,8.456,
02EA020,2,2010/05/24,8.457,
02EA020,2,2010/05/25,8.458,
02EA020,2,2010/05/26,8.458,
02EA020,2,2010/05/27,8.461,
02EA020,2,2010/05/28,8.469,
02EA020,2,2010/05/29,8.470,
02EA020,2,2010/05/30,8.468,
02EA020,2,2010/05/31,8.463,
02EA020,2,2010/06/01,8.464,
02EA020,2,2010/06/02,8.461,
02EA020,2,2010/06/03,8.464,
02EA020,2,2010/06/04,8.461,
02EA020,2,2010/06/05,8.467,
02EA020,2,2010/06/06,8.468,
02EA020,2,2010/06/07,8.462,
02EA020,2,2010/06/08,8.457,
02EA020,2,2010/06/09,8.457,
02EA020,2,2010/06/10,8.457,
02EA020,2,2010/06/11,8.457,
02EA020,2,2010/06/12,8.487,
02EA020,2,2010/06/13,8.489,
02EA020,2,2010/06/14,8.493,
02EA020,2,2010/06/15,8.490,
02EA020,2,2010/06/16,8.496,
02EA020,2,2010/06/17,8.505,
02EA020,2,2010/06/18,8.504,
02EA020,2,2010/06/19,8.505,
02EA020,2,2010/06/20,8.508,
02EA020,2,2010/06/21,8.508,
02EA020,2,2010/06/22,8.511,
02EA020,2,2010/06/23,8.519,
02EA020,2,2010/06/24,8.543,
02EA020,2,2010/06/25,8.551,
02EA020,2,2010/06/26,8.554,
02EA020,2,2010/06/27,8.555,
02EA020,2,2010/06/28,8.555,
02EA020,2,2010/06/29,8.554,
02EA020,2,2010/06/30,8.549,
02EA020,2,2010/07/01,8.546,
02EA020,2,2010/07/02,8.540,
02EA020,2,2010/07/03,8.537,
02EA020,2,2010/07/04,8.535,
02EA020,2,2010/07/05,8.546,
02EA020,2,2010/07/06,8.554,
02EA020,2,2010/07/07,8.556,
02EA020,2,2010/07/08,8.552,
02EA020,2,2010/07/09,8.554,
02EA020,2,2010/07/10,8.550,
02EA020,2,2010/07/11,8.546,
02EA020,2,2010/07/12,8.542,
02EA020,2,2010/07/13,8.542,
02EA020,2,2010/07/14,8.540,
02EA020,2,2010/07/15,8.535,
02EA020,2,2010/07/16,8.534,
02EA020,2,2010/07/17,8.528,
02EA020,2,2010/07/18,8.525,
02EA020,2,2010/07/19,8.526,
02EA020,2,2010/07/20,8.525,
02EA020,2,2010/07/21,8.526,
02EA020,2,2010/07/22,8.524,
02EA020,2,2010/07/23,8.521,
02EA020,2,2010/07/24,8.519,
02EA020,2,2010/07/25,8.515,
02EA020,2,2010/07/26,8.508,
02EA020,2,2010/07/27,8.503,
02EA020,2,2010/07/28,8.500,
02EA020,2,2010/07/29,8.500,
02EA020,2,2010/07/30,8.500,
02EA020,2,2010/07/31,8.494,
02EA020,2,2010/08/01,8.490,
02EA020,2,2010/08/02,8.486,
02EA020,2,2010/08/03,8.494,
02EA020,2,2010/08/04,8.496,
02EA020,2,2010/08/05,8.491,
02EA020,2,2010/08/06,8.486,
02EA020,2,2010/08/07,8.476,
02EA020,2,2010/08/08,8.477,
02EA020,2,2010/08/09,8.482,
02EA020,2,2010/08/10,8.482,
02EA020,2,2010/08/11,8.485,
02EA020,2,2010/08/12,8.480,
02EA020,2,2010/08/13,8.475,
02EA020,2,2010/08/14,8.472,
02EA020,2,2010/08/15,8.479,
02EA020,2,2010/08/16,8.477,
02EA020,2,2010/08/17,8.471,
02EA020,2,2010/08/18,8.465,
02EA020,2,2010/08/19,8.466,
02EA020,2,2010/08/20,8.467,
02EA020,2,2010/08/21,8.484,
02EA020,2,2010/08/22,8.495,
02EA020,2,2010/08/23,8.494,
02EA020,2,2010/08/24,8.490,
02EA020,2,2010/08/25,8.488,
02EA020,2,2010/08/26,8.487,
02EA020,2,2010/08/27,8.481,
02EA020,2,2010/08/28,8.478,
02EA020,2,2010/08/29,8.478,
02EA020,2,2010/08/30,8.475,
02EA020,2,2010/08/31,8.477,
02EA020,2,2010/09/01,8.476,
02EA020,2,2010/09/02,8.480,
02EA020,2,2010/09/03,8.490,
02EA020,2,2010/09/04,8.494,
02EA020,2,2010/09/05,8.490,
02EA020,2,2010/09/06,8.488,
02EA020,2,2010/09/07,8.502,
02EA020,2,2010/09/08,8.526,
02EA020,2,2010/09/09,8.529,
02EA020,2,2010/09/10,8.528,
02EA020,2,2010/09/11,8.524,
02EA020,2,2010/09/12,8.522,
02EA020,2,2010/09/13,8.526,
02EA020,2,2010/09/14,8.524,
02EA020,2,2010/09/15,8.522,
02EA020,2,2010/09/16,8.529,
02EA020,2,2010/09/17,8.520,
02EA020,2,2010/09/18,8.501,
02EA020,2,2010/09/19,8.495,
02EA020,2,2010/09/20,8.488,
02EA020,2,2010/09/21,8.485,
02EA020,2,2010/09/22,8.485,
02EA020,2,2010/09/23,8.486,
02EA020,2,2010/09/24,8.500,
02EA020,2,2010/09/25,8.502,
02EA020,2,2010/09/26,8.498,
02EA020,2,2010/09/27,8.494,
02EA020,2,2010/09/28,8.497,
02EA020,2,2010/09/29,8.490,
02EA020,2,2010/09/30,8.477,
02EA020,2,2010/10/01,8.466,
02EA020,2,2010/10/02,8.455,
02EA020,2,2010/10/03,8.441,
02EA020,2,2010/10/04,8.427,
02EA020,2,2010/10/05,8.415,
02EA020,2,2010/10/06,8.403,
02EA020,2,2010/10/07,8.391,
02EA020,2,2010/10/08,8.379,
02EA020,2,2010/10/09,8.370,
02EA020,2,2010/10/10,8.357,
02EA020,2,2010/10/11,8.347,
02EA020,2,2010/10/12,8.336,
02EA020,2,2010/10/13,8.326,
02EA020,2,2010/10/14,8.317,
02EA020,2,2010/10/15,8.308,
02EA020,2,2010/10/16,8.295,
02EA020,2,2010/10/17,8.285,
02EA020,2,2010/10/18,8.275,
02EA020,2,2010/10/19,8.267,
02EA020,2,2010/10/20,8.264,
02EA020,2,2010/10/21,8.261,
02EA020,2,2010/10/22,8.251,
02EA020,2,2010/10/23,8.248,
02EA020,2,2010/10/24,8.256,
02EA020,2,2010/10/25,8.265,
02EA020,2,2010/10/26,8.277,
02EA020,2,2010/10/27,8.281,
02EA020,2,2010/10/28,8.278,
02EA020,2,2010/10/29,8.277,
02EA020,2,2010/10/30,8.283,
02EA020,2,2010/10/31,8.293,
02EA020,2,2010/11/01,8.288,
02EA020,2,2010/11/02,8.285,
02EA020,2,2010/11/03,8.278,
02EA020,2,2010/11/04,8.276,
02EA020,2,2010/11/05,8.274,
02EA020,2,2010/11/06,8.268,
02EA020,2,2010/11/07,8.263,
02EA020,2,2010/11/08,8.260,
02EA020,2,2010/11/09,8.255,
02EA020,2,2010/11/10,8.249,
02EA020,2,2010/11/11,8.244,
02EA020,2,2010/11/12,8.240,
02EA020,2,2010/11/13,8.237,
02EA020,2,2010/11/14,8.231,
02EA020,2,2010/11/15,8.231,
02EA020,2,2010/11/16,8.234,
02EA020,2,2010/11/17,8.252,
02EA020,2,2010/11/18,8.253,
02EA020,2,2010/11/19,8.251,
02EA020,2,2010/11/20,8.248,
02EA020,2,2010/11/21,8.244,
02EA020,2,2010/11/22,8.246,
02EA020,2,2010/11/23,8.259,
02EA020,2,2010/11/24,8.260,
02EA020,2,2010/11/25,8.256,
02EA020,2,2010/11/26,8.259,
02EA020,2,2010/11/27,8.270,
02EA020,2,2010/11/28,8.266,
02EA020,2,2010/11/29,8.263,
02EA020,2,2010/11/30,8.264,
02EA020,2,2010/12/01,8.298,
02EA020,2,2010/12/02,8.310,
02EA020,2,2010/12/03,8.315,
02EA020,2,2010/12/04,8.313,
02EA020,2,2010/12/05,8.312,
02EA020,2,2010/12/06,8.312,
02EA020,2,2010/12/07,8.310,
02EA020,2,2010/12/08,8.306,
02EA020,2,2010/12/09,8.300,
02EA020,2,2010/12/10,8.295,
02EA020,2,2010/12/11,8.294,
02EA020,2,2010/12/12,8.303,
02EA020,2,2010/12/13,8.309,
02EA020,2,2010/12/14,8.313,
02EA020,2,2010/12/15,8.305,
02EA020,2,2010/12/16,8.301,
02EA020,2,2010/12/17,8.299,
02EA020,2,2010/12/18,8.300,
02EA020,2,2010/12/19,8.296,
02EA020,2,2010/12/20,8.293,
02EA020,2,2010/12/21,8.288,
02EA020,2,2010/12/22,8.285,
02EA020,2,2010/12/23,8.280,
02EA020,2,2010/12/24,8.277,
02EA020,2,2010/12/25,8.273,
02EA020,2,2010/12/26,8.269,
02EA020,2,2010/12/27,8.264,
02EA020,2,2010/12/28,8.263,
02EA020,2,2010/12/29,8.260,
02EA020,2,2010/12/30,8.256,
02EA020,2,2010/12/31,8.257,
02EA020,2,2011/01/01,8.275,
02EA020,2,2011/01/02,8.291,
02EA020,2,2011/01/03,8.297,
02EA020,2,2011/01/04,8.301,
02EA020,2,2011/01/05,8.300,
02EA020,2,2011/01/06,8.298,
02EA020,2,2011/01/07,8.299,
02EA020,2,2011/01/08,8.298,
02EA020,2,2011/01/09,8.295,
02EA020,2,2011/01/10,8.291,
02EA020,2,2011/01/11,8.287,
02EA020,2,2011/01/12,8.282,
02EA020,2,2011/01/13,8.277,
02EA020,2,2011/01/14,8.274,
02EA020,2,2011/01/15,8.273,
02EA020,2,2011/01/16,8.271,
02EA020,2,2011/01/17,8.266,
02EA020,2,2011/01/18,8.268,
02EA020,2,2011/01/19,8.267,
02EA020,2,2011/01/20,8.262,
02EA020,2,2011/01/21,8.261,
02EA020,2,2011/01/22,8.258,
02EA020,2,2011/01/23,8.253,
02EA020,2,2011/01/24,8.249,
02EA020,2,2011/01/25,8.249,
02EA020,2,2011/01/26,8.245,
02EA020,2,2011/01/27,8.241,
02EA020,2,2011/01/28,8.238,
02EA020,2,2011/01/29,8.235,
02EA020,2,2011/01/30,8.229,
02EA020,2,2011/01/31,8.225,
02EA020,2,2011/02/01,8.220,
02EA020,2,2011/02/02,8.219,
02EA020,2,2011/02/03,8.220,
02EA020,2,2011/02/04,8.216,
02EA020,2,2011/02/05,8.212,
02EA020,2,2011/02/06,8.207,
02EA020,2,2011/02/07,8.207,
02EA020,2,2011/02/08,8.201,
02EA020,2,2011/02/09,8.200,
02EA020,2,2011/02/10,8.197,
02EA020,2,2011/02/11,8.195,
02EA020,2,2011/02/12,8.194,
02EA020,2,2011/02/13,8.190,
02EA020,2,2011/02/14,8.190,
02EA020,2,2011/02/15,8.187,
02EA020,2,2011/02/16,8.184,
02EA020,2,2011/02/17,8.185,
02EA020,2,2011/02/18,8.193,
02EA020,2,2011/02/19,8.194,
02EA020,2,2011/02/20,8.191,
02EA020,2,2011/02/21,8.188,
02EA020,2,2011/02/22,8.184,
02EA020,2,2011/02/23,8.179,
02EA020,2,2011/02/24,8.175,
02EA020,2,2011/02/25,8.173,
02EA020,2,2011/02/26,8.168,
02EA020,2,2011/02/27,8.167,
02EA020,2,2011/02/28,8.166,
02EA020,2,2011/03/01,8.161,
02EA020,2,2011/03/02,8.157,
02EA020,2,2011/03/03,8.154,
02EA020,2,2011/03/04,8.151,
02EA020,2,2011/03/05,8.169,
02EA020,2,2011/03/06,8.172,
02EA020,2,2011/03/07,8.167,
02EA020,2,2011/03/08,8.164,
02EA020,2,2011/03/09,8.162,
02EA020,2,2011/03/10,8.172,
02EA020,2,2011/03/11,8.187,
02EA020,2,2011/03/12,8.188,
02EA020,2,2011/03/13,8.186,
02EA020,2,2011/03/14,8.181,
02EA020,2,2011/03/15,8.174,
02EA020,2,2011/03/16,8.171,
02EA020,2,2011/03/17,8.171,
02EA020,2,2011/03/18,8.194,
02EA020,2,2011/03/19,8.196,
02EA020,2,2011/03/20,8.196,
02EA020,2,2011/03/21,8.201,
02EA020,2,2011/03/22,8.202,
02EA020,2,2011/03/23,8.201,
02EA020,2,2011/03/24,8.198,
02EA020,2,2011/03/25,8.195,
02EA020,2,2011/03/26,8.192,
02EA020,2,2011/03/27,8.188,
02EA020,2,2011/03/28,8.183,
02EA020,2,2011/03/29,8.180,
02EA020,2,2011/03/30,8.177,
02EA020,2,2011/03/31,8.176,
02EA020,2,2011/04/01,8.176,A
02EA020,2,2011/04/02,8.176,
02EA020,2,2011/04/03,8.177,
02EA020,2,2011/04/04,8.208,
02EA020,2,2011/04/05,8.245,
02EA020,2,2011/04/06,8.254,
02EA020,2,2011/04/07,8.264,
02EA020,2,2011/04/08,8.272,
02EA020,2,2011/04/09,8.285,
02EA020,2,2011/04/10,8.304,
02EA020,2,2011/04/11,8.337,
02EA020,2,2011/04/12,8.372,
02EA020,2,2011/04/13,8.400,
02EA020,2,2011/04/14,8.418,
02EA020,2,2011/04/15,8.431,
02EA020,2,2011/04/16,8.443,
02EA020,2,2011/04/17,8.462,
02EA020,2,2011/04/18,8.476,
02EA020,2,2011/04/19,8.488,
02EA020,2,2011/04/20,8.511,
02EA020,2,2011/04/21,8.524,
02EA020,2,2011/04/22,8.533,
02EA020,2,2011/04/23,8.550,
02EA020,2,2011/04/24,8.570,
02EA020,2,2011/04/25,8.585,
02EA020,2,2011/04/26,8.603,
02EA020,2,2011/04/27,8.618,
02EA020,2,2011/04/28,8.643,
02EA020,2,2011/04/29,8.657,
02EA020,2,2011/04/30,8.654,
02EA020,2,2011/05/01,8.650,
02EA020,2,2011/05/02,8.647,
02EA020,2,2011/05/03,8.642,
02EA020,2,2011/05/04,8.636,
02EA020,2,2011/05/05,8.622,
02EA020,2,2011/05/06,8.601,
02EA020,2,2011/05/07,8.588,
02EA020,2,2011/05/08,8.580,
02EA020,2,2011/05/09,8.575,
02EA020,2,2011/05/10,8.573,
02EA020,2,2011/05/11,8.564,
02EA020,2,2011/05/12,8.566,
02EA020,2,2011/05/13,8.581,
02EA020,2,2011/05/14,8.612,
02EA020,2,2011/05/15,8.638,
02EA020,2,2011/05/16,8.634,
02EA020,2,2011/05/17,8.630,
02EA020,2,2011/05/18,8.629,
02EA020,2,2011/05/19,8.633,
02EA020,2,2011/05/20,8.641,
02EA020,2,2011/05/21,8.639,
02EA020,2,2011/05/22,8.638,
02EA020,2,2011/05/23,8.660,
02EA020,2,2011/05/24,8.699,
02EA020,2,2011/05/25,8.692,
02EA020,2,2011/05/26,8.704,
02EA020,2,2011/05/27,8.704,
02EA020,2,2011/05/28,8.692,
02EA020,2,2011/05/29,8.685,
02EA020,2,2011/05/30,8.675,
02EA020,2,2011/05/31,8.660,
02EA020,2,2011/06/01,8.651,
02EA020,2,2011/06/02,8.639,
02EA020,2,2011/06/03,8.624,
02EA020,2,2011/06/04,8.624,
02EA020,2,2011/06/05,8.620,
02EA020,2,2011/06/06,8.605,
02EA020,2,2011/06/07,8.593,
02EA020,2,2011/06/08,8.582,
02EA020,2,2011/06/09,8.585,
02EA020,2,2011/06/10,8.581,
02EA020,2,2011/06/11,8.572,
02EA020,2,2011/06/12,8.567,
02EA020,2,2011/06/13,8.564,
02EA020,2,2011/06/14,8.563,
02EA020,2,2011/06/15,8.568,
02EA020,2,2011/06/16,8.568,
02EA020,2,2011/06/17,8.568,
02EA020,2,2011/06/18,8.571,
02EA020,2,2011/06/19,8.565,
02EA020,2,2011/06/20,8.563,
02EA020,2,2011/06/21,8.564,
02EA020,2,2011/06/22,8.574,
02EA020,2,2011/06/23,8.586,
02EA020,2,2011/06/24,8.596,
02EA020,2,2011/06/25,8.608,
02EA020,2,2011/06/26,8.614,
02EA020,2,2011/06/27,8.610,
02EA020,2,2011/06/28,8.605,
02EA020,2,2011/06/29,8.604,
02EA020,2,2011/06/30,8.599,
02EA020,2,2011/07/01,8.592,
02EA020,2,2011/07/02,8.584,
02EA020,2,2011/07/03,8.580,
02EA020,2,2011/07/04,8.573,
02EA020,2,2011/07/05,8.565,
02EA020,2,2011/07/06,8.571,
02EA020,2,2011/07/07,8.570,
02EA020,2,2011/07/08,8.565,
02EA020,2,2011/07/09,8.562,
02EA020,2,2011/07/10,8.556,
02EA020,2,2011/07/11,8.557,
02EA020,2,2011/07/12,8.556,
02EA020,2,2011/07/13,8.553,
02EA020,2,2011/07/14,8.543,
02EA020,2,2011/07/15,8.538,
02EA020,2,2011/07/16,8.534,
02EA020,2,2011/07/17,8.529,
02EA020,2,2011/07/18,8.534,
02EA020,2,2011/07/19,8.528,
02EA020,2,2011/07/20,8.521,
02EA020,2,2011/07/21,8.517,
02EA020,2,2011/07/22,8.513,
02EA020,2,2011/07/23,8.511,
02EA020,2,2011/07/24,8.507,
02EA020,2,2011/07/25,8.503,
02EA020,2,2011/07/26,8.498,
02EA020,2,2011/07/27,8.493,
02EA020,2,2011/07/28,8.488,
02EA020,2,2011/07/29,8.488,
02EA020,2,2011/07/30,8.485,
02EA020,2,2011/07/31,8.479,
02EA020,2,2011/08/01,8.476,
02EA020,2,2011/08/02,8.473,
02EA020,2,2011/08/03,8.487,
02EA020,2,2011/08/04,8.488,
02EA020,2,2011/08/05,8.484,
02EA020,2,2011/08/06,8.484,
02EA020,2,2011/08/07,8.483,
02EA020,2,2011/08/08,8.480,
02EA020,2,2011/08/09,8.473,
02EA020,2,2011/08/10,8.477,
02EA020,2,2011/08/11,8.473,
02EA020,2,2011/08/12,8.470,
02EA020,2,2011/08/13,8.468,
02EA020,2,2011/08/14,8.470,
02EA020,2,2011/08/15,8.465,
02EA020,2,2011/08/16,8.462,
02EA020,2,2011/08/17,8.455,
02EA020,2,2011/08/18,8.455,
02EA020,2,2011/08/19,8.452,
02EA020,2,2011/08/20,8.458,
02EA020,2,2011/08/21,8.462,
02EA020,2,2011/08/22,8.458,
02EA020,2,2011/08/23,8.451,
02EA020,2,2011/08/24,8.464,
02EA020,2,2011/08/25,8.500,
02EA020,2,2011/08/26,8.500,
02EA020,2,2011/08/27,8.501,
02EA020,2,2011/08/28,8.501,
02EA020,2,2011/08/29,8.491,
02EA020,2,2011/08/30,8.488,
02EA020,2,2011/08/31,8.490,
02EA020,2,2011/09/01,8.491,
02EA020,2,2011/09/02,8.490,
02EA020,2,2011/09/03,8.495,
02EA020,2,2011/09/04,8.495,
02EA020,2,2011/09/05,8.491,
02EA020,2,2011/09/06,8.483,
02EA020,2,2011/09/07,8.477,
02EA020,2,2011/09/08,8.473,
02EA020,2,2011/09/09,8.470,
02EA020,2,2011/09/10,8.467,
02EA020,2,2011/09/11,8.461,
02EA020,2,2011/09/12,8.460,
02EA020,2,2011/09/13,8.466,
02EA020,2,2011/09/14,8.464,
02EA020,2,2011/09/15,8.461,
02EA020,2,2011/09/16,8.454,
02EA020,2,2011/09/17,8.449,
02EA020,2,2011/09/18,8.446,
02EA020,2,2011/09/19,8.442,
02EA020,2,2011/09/20,8.451,
02EA020,2,2011/09/21,8.450,
02EA020,2,2011/09/22,8.450,
02EA020,2,2011/09/23,8.452,
02EA020,2,2011/09/24,8.453,
02EA020,2,2011/09/25,8.452,
02EA020,2,2011/09/26,8.452,
02EA020,2,2011/09/27,8.450,
02EA020,2,2011/09/28,8.453,
02EA020,2,2011/09/29,8.454,
02EA020,2,2011/09/30,8.467,
02EA020,2,2011/10/01,8.462,
02EA020,2,2011/10/02,8.451,
02EA020,2,2011/10/03,8.447,
02EA020,2,2011/10/04,8.444,
02EA020,2,2011/10/05,8.444,
02EA020,2,2011/10/06,8.439,
02EA020,2,2011/10/07,8.436,
02EA020,2,2011/10/08,8.435,
02EA020,2,2011/10/09,8.435,
02EA020,2,2011/10/10,8.435,
02EA020,2,2011/10/11,8.435,
02EA020,2,2011/10/12,8.436,
02EA020,2,2011/10/13,8.445,
02EA020,2,2011/10/14,8.458,
02EA020,2,2011/10/15,8.471,
02EA020,2,2011/10/16,8.482,
02EA020,2,2011/10/17,8.480,
02EA020,2,2011/10/18,8.472,
02EA020,2,2011/10/19,8.482,A
02EA020,2,2011/10/20,8.487,
02EA020,2,2011/10/21,8.481,
02EA020,2,2011/10/22,8.473,
02EA020,2,2011/10/23,8.464,
02EA020,2,2011/10/24,8.458,
02EA020,2,2011/10/25,8.455,
02EA020,2,2011/10/26,8.447,
02EA020,2,2011/10/27,8.431,
02EA020,2,2011/10/28,8.418,
02EA020,2,2011/10/29,8.408,
02EA020,2,2011/10/30,8.398,
02EA020,2,2011/10/31,8.389,
02EA020,2,2011/11/01,8.379,
02EA020,2,2011/11/02,8.371,
02EA020,2,2011/11/03,8.371,
02EA020,2,2011/11/04,8.362,
02EA020,2,2011/11/05,8.352,
02EA020,2,2011/11/06,8.343,
02EA020,2,2011/11/07,8.334,
02EA020,2,2011/11/08,8.329,
02EA020,2,2011/11/09,8.339,
02EA020,2,2011/11/10,8.337,
02EA020,2,2011/11/11,8.334,
02EA020,2,2011/11/12,8.328,
02EA020,2,2011/11/13,8.323,
02EA020,2,2011/11/14,8.319,
02EA020,2,2011/11/15,8.313,
02EA020,2,2011/11/16,8.307,
02EA020,2,2011/11/17,8.302,
02EA020,2,2011/11/18,8.294,
02EA020,2,2011/11/19,8.286,
02EA020,2,2011/11/20,8.293,
02EA020,2,2011/11/21,8.288,
02EA020,2,2011/11/22,8.290,
02EA020,2,2011/11/23,8.291,
02EA020,2,2011/11/24,8.285,
02EA020,2,2011/11/25,8.282,
02EA020,2,2011/11/26,8.281,
02EA020,2,2011/11/27,8.290,
02EA020,2,2011/11/28,8.304,
02EA020,2,2011/11/29,8.321,
02EA020,2,2011/11/30,8.342,
02EA020,2,2011/12/01,8.349,
02EA020,2,2011/12/02,8.350,
02EA020,2,2011/12/03,8.346,
02EA020,2,2011/12/04,8.350,
02EA020,2,2011/12/05,8.366,
02EA020,2,2011/12/06,8.369,
02EA020,2,2011/12/07,8.368,
02EA020,2,2011/12/08,8.366,
02EA020,2,2011/12/09,8.366,
02EA020,2,2011/12/10,8.364,
02EA020,2,2011/12/11,8.359,
02EA020,2,2011/12/12,8.355,
02EA020,2,2011/12/13,8.354,
02EA020,2,2011/12/14,8.352,
02EA020,2,2011/12/15,8.371,
02EA020,2,2011/12/16,8.396,
02EA020,2,2011/12/17,8.400,
02EA020,2,2011/12/18,8.396,
02EA020,2,2011/12/19,8.395,
02EA020,2,2011/12/20,8.391,
02EA020,2,2011/12/21,8.385,
02EA020,2,2011/12/22,8.383,
02EA020,2,2011/12/23,8.379,
02EA020,2,2011/12/24,8.373,
02EA020,2,2011/12/25,8.369,
02EA020,2,2011/12/26,8.367,
02EA020,2,2011/12/27,8.367,
02EA020,2,2011/12/28,8.368,
02EA020,2,2011/12/29,8.362,
02EA020,2,2011/12/30,8.360,
02EA020,2,2011/12/31,8.358,
02EA020,2,2012/01/01,8.356,
02EA020,2,2012/01/02,8.361,
02EA020,2,2012/01/03,8.357,
02EA020,2,2012/01/04,8.354,
02EA020,2,2012/01/05,8.352,
02EA020,2,2012/01/06,8.350,
02EA020,2,2012/01/07,8.347,
02EA020,2,2012/01/08,8.342,
02EA020,2,2012/01/09,8.340,
02EA020,2,2012/01/10,8.344,
02EA020,2,2012/01/11,8.343,
02EA020,2,2012/01/12,8.342,
02EA020,2,2012/01/13,8.344,
02EA020,2,2012/01/14,8.340,
02EA020,2,2012/01/15,8.336,
02EA020,2,2012/01/16,8.331,
02EA020,2,2012/01/17,8.333,
02EA020,2,2012/01/18,8.342,
02EA020,2,2012/01/19,8.340,
02EA020,2,2012/01/20,8.337,
02EA020,2,2012/01/21,8.334,
02EA020,2,2012/01/22,8.330,
02EA020,2,2012/01/23,8.330,
02EA020,2,2012/01/24,8.339,
02EA020,2,2012/01/25,8.338,
02EA020,2,2012/01/26,8.334,
02EA020,2,2012/01/27,8.333,
02EA020,2,2012/01/28,8.332,
02EA020,2,2012/01/29,8.334,
02EA020,2,2012/01/30,8.333,
02EA020,2,2012/01/31,8.332,
02EA020,2,2012/02/01,8.329,
02EA020,2,2012/02/02,8.325,
02EA020,2,2012/02/03,8.322,
02EA020,2,2012/02/04,8.319,
02EA020,2,2012/02/05,8.314,
02EA020,2,2012/02/06,8.312,
02EA020,2,2012/02/07,8.308,
02EA020,2,2012/02/08,8.303,
02EA020,2,2012/02/09,8.302,
02EA020,2,2012/02/10,8.299,
02EA020,2,2012/02/11,8.295,
02EA020,2,2012/02/12,8.293,
02EA020,2,2012/02/13,8.290,
02EA020,2,2012/02/14,8.287,
02EA020,2,2012/02/15,8.285,
02EA020,2,2012/02/16,8.285,
02EA020,2,2012/02/17,8.285,
02EA020,2,2012/02/18,8.282,
02EA020,2,2012/02/19,8.278,
02EA020,2,2012/02/20,8.276,
02EA020,2,2012/02/21,8.271,
02EA020,2,2012/02/22,8.270,
02EA020,2,2012/02/23,8.270,
02EA020,2,2012/02/24,8.271,
02EA020,2,2012/02/25,8.279,
02EA020,2,2012/02/26,8.276,
02EA020,2,2012/02/27,8.273,
02EA020,2,2012/02/28,8.272,
02EA020,2,2012/02/29,8.263,
02EA020,2,2012/03/01,8.257,
02EA020,2,2012/03/02,8.252,
02EA020,2,2012/03/03,8.266,
02EA020,2,2012/03/04,8.270,
02EA020,2,2012/03/05,8.264,
02EA020,2,2012/03/06,8.255,
02EA020,2,2012/03/07,8.248,
02EA020,2,2012/03/08,8.263,
02EA020,2,2012/03/09,8.270,
02EA020,2,2012/03/10,8.273,
02EA020,2,2012/03/11,8.270,
02EA020,2,2012/03/12,8.272,
02EA020,2,2012/03/13,8.286,
02EA020,2,2012/03/14,8.296,
02EA020,2,2012/03/15,8.311,
02EA020,2,2012/03/16,8.339,
02EA020,2,2012/03/17,8.364,
02EA020,2,2012/03/18,8.392,
02EA020,2,2012/03/19,8.421,
02EA020,2,2012/03/20,8.446,
02EA020,2,2012/03/21,8.467,
02EA020,2,2012/03/22,8.485,
02EA020,2,2012/03/23,8.495,
02EA020,2,2012/03/24,8.498,
02EA020,2,2012/03/25,8.497,
02EA020,2,2012/03/26,8.491,
02EA020,2,2012/03/27,8.491,
02EA020,2,2012/03/28,8.495,
02EA020,2,2012/03/29,8.492,
02EA020,2,2012/03/30,8.487,
02EA020,2,2012/03/31,8.485,
02EA020,2,2012/04/01,8.480,
02EA020,2,2012/04/02,8.476,
02EA020,2,2012/04/03,8.470,
02EA020,2,2012/04/04,8.467,
02EA020,2,2012/04/05,8.458,
02EA020,2,2012/04/06,8.449,
02EA020,2,2012/04/07,8.442,
02EA020,2,2012/04/08,8.434,
02EA020,2,2012/04/09,8.427,
02EA020,2,2012/04/10,8.429,
02EA020,2,2012/04/11,8.428,
02EA020,2,2012/04/12,8.421,
02EA020,2,2012/04/13,8.415,
02EA020,2,2012/04/14,8.409,
02EA020,2,2012/04/15,8.405,
02EA020,2,2012/04/16,8.412,
02EA020,2,2012/04/17,8.414,
02EA020,2,2012/04/18,8.412,
02EA020,2,2012/04/19,8.405,
02EA020,2,2012/04/20,8.423,
02EA020,2,2012/04/21,8.441,
02EA020,2,2012/04/22,8.446,
02EA020,2,2012/04/23,8.442,
02EA020,2,2012/04/24,8.451,
02EA020,2,2012/04/25,8.460,
02EA020,2,2012/04/26,8.470,
02EA020,2,2012/04/27,8.482,
02EA020,2,2012/04/28,8.482,
02EA020,2,2012/04/29,8.480,
02EA020,2,2012/04/30,8.479,
02EA020,2,2012/05/01,8.477,
02EA020,2,2012/05/02,8.475,
02EA020,2,2012/05/03,8.479,
02EA020,2,2012/05/04,8.482,
02EA020,2,2012/05/05,8.479,
02EA020,2,2012/05/06,8.474,
02EA020,2,2012/05/07,8.469,
02EA020,2,2012/05/08,8.468,
02EA020,2,2012/05/09,8.464,
02EA020,2,2012/05/10,8.455,
02EA020,2,2012/05/11,8.449,
02EA020,2,2012/05/12,8.443,
02EA020,2,2012/05/13,8.440,
02EA020,2,2012/05/14,8.434,
02EA020,2,2012/05/15,8.427,
02EA020,2,2012/05/16,8.425,
02EA020,2,2012/05/17,8.417,
02EA020,2,2012/05/18,8.411,
02EA020,2,2012/05/19,8.408,
02EA020,2,2012/05/20,8.404,
02EA020,2,2012/05/21,8.399,
02EA020,2,2012/05/22,8.398,
02EA020,2,2012/05/23,8.395,A
02EA020,2,2012/05/24,8.397,
02EA020,2,2012/05/25,8.394,
02EA020,2,2012/05/26,8.397,
02EA020,2,2012/05/27,8.393,
02EA020,2,2012/05/28,8.392,
02EA020,2,2012/05/29,8.402,
02EA020,2,2012/05/30,8.402,
02EA020,2,2012/05/31,8.401,
02EA020,2,2012/06/01,8.408,
02EA020,2,2012/06/02,8.416,
02EA020,2,2012/06/03,8.426,
02EA020,2,2012/06/04,8.442,
02EA020,2,2012/06/05,8.439,
02EA020,2,2012/06/06,8.441,
02EA020,2,2012/06/07,8.443,
02EA020,2,2012/06/08,8.441,
02EA020,2,2012/06/09,8.443,
02EA020,2,2012/06/10,8.443,
02EA020,2,2012/06/11,8.441,
02EA020,2,2012/06/12,8.445,
02EA020,2,2012/06/13,8.443,
02EA020,2,2012/06/14,8.438,
02EA020,2,2012/06/15,8.435,
02EA020,2,2012/06/16,8.433,
02EA020,2,2012/06/17,8.432,
02EA020,2,2012/06/18,8.451,
02EA020,2,2012/06/19,8.461,
02EA020,2,2012/06/20,8.463,
02EA020,2,2012/06/21,8.462,
02EA020,2,2012/06/22,8.466,
02EA020,2,2012/06/23,8.465,
02EA020,2,2012/06/24,8.462,
02EA020,2,2012/06/25,8.465,
02EA020,2,2012/06/26,8.455,
02EA020,2,2012/06/27,8.449,
02EA020,2,2012/06/28,8.447,
02EA020,2,2012/06/29,8.447,
02EA020,2,2012/06/30,8.442,
02EA020,2,2012/07/01,8.441,
02EA020,2,2012/07/02,8.439,
02EA020,2,2012/07/03,8.435,
02EA020,2,2012/07/04,8.434,
02EA020,2,2012/07/05,8.430,
02EA020,2,2012/07/06,8.427,
02EA020,2,2012/07/07,8.426,
02EA020,2,2012/07/08,8.423,
02EA020,2,2012/07/09,8.416,
02EA020,2,2012/07/10,8.412,
02EA020,2,2012/07/11,8.404,
02EA020,2,2012/07/12,8.399,
02EA020,2,2012/07/13,8.397,
02EA020,2,2012/07/14,8.393,
02EA020,2,2012/07/15,8.390,
02EA020,2,2012/07/16,8.389,
02EA020,2,2012/07/17,8.387,
02EA020,2,2012/07/18,8.384,
02EA020,2,2012/07/19,8.378,
02EA020,2,2012/07/20,8.370,
02EA020,2,2012/07/21,8.362,
02EA020,2,2012/07/22,8.358,
02EA020,2,2012/07/23,8.352,
02EA020,2,2012/07/24,8.352,
02EA020,2,2012/07/25,8.344,
02EA020,2,2012/07/26,8.351,
02EA020,2,2012/07/27,8.348,
02EA020,2,2012/07/28,8.342,
02EA020,2,2012/07/29,8.336,
02EA020,2,2012/07/30,8.330,
02EA020,2,2012/07/31,8.328,
02EA020,2,2012/08/01,8.329,
02EA020,2,2012/08/02,8.324,
02EA020,2,2012/08/03,8.328,
02EA020,2,2012/08/04,8.323,
02EA020,2,2012/08/05,8.341,
02EA020,2,2012/08/06,8.342,
02EA020,2,2012/08/07,8.337,
02EA020,2,2012/08/08,8.338,
02EA020,2,2012/08/09,8.338,
02EA020,2,2012/08/10,8.342,
02EA020,2,2012/08/11,8.350,
02EA020,2,2012/08/12,8.354,
02EA020,2,2012/08/13,8.355,
02EA020,2,2012/08/14,8.354,
02EA020,2,2012/08/15,8.356,
02EA020,2,2012/08/16,8.361,
02EA020,2,2012/08/17,8.369,
02EA020,2,2012/08/18,8.368,
02EA020,2,2012/08/19,8.368,
02EA020,2,2012/08/20,8.366,
02EA020,2,2012/08/21,8.362,
02EA020,2,2012/08/22,8.359,
02EA020,2,2012/08/23,8.358,
02EA020,2,2012/08/24,8.357,
02EA020,2,2012/08/25,8.356,
02EA020,2,2012/08/26,8.354,
02EA020,2,2012/08/27,8.361,
02EA020,2,2012/08/28,8.365,
02EA020,2,2012/08/29,8.357,
02EA020,2,2012/08/30,8.351,
02EA020,2,2012/08/31,8.352,
02EA020,2,2012/09/01,8.353,
02EA020,2,2012/09/02,8.350,
02EA020,2,2012/09/03,8.347,
02EA020,2,2012/09/04,8.345,
02EA020,2,2012/09/05,8.345,
02EA020,2,2012/09/06,8.368,
02EA020,2,2012/09/07,8.367,
02EA020,2,2012/09/08,8.401,
02EA020,2,2012/09/09,8.408,
02EA020,2,2012/09/10,8.406,
02EA020,2,2012/09/11,8.400,
02EA020,2,2012/09/12,8.397,
02EA020,2,2012/09/13,8.396,
02EA020,2,2012/09/14,8.399,
02EA020,2,2012/09/15,8.399,
02EA020,2,2012/09/16,8.395,
02EA020,2,2012/09/17,8.391,
02EA020,2,2012/09/18,8.397,
02EA020,2,2012/09/19,8.396,
02EA020,2,2012/09/20,8.392,
02EA020,2,2012/09/21,8.399,
02EA020,2,2012/09/22,8.405,
02EA020,2,2012/09/23,8.408,
02EA020,2,2012/09/24,8.405,
02EA020,2,2012/09/25,8.414,
02EA020,2,2012/09/26,8.415,
02EA020,2,2012/09/27,8.414,
02EA020,2,2012/09/28,8.412,
02EA020,2,2012/09/29,8.414,
02EA020,2,2012/09/30,8.416,
02EA020,2,2012/10/01,8.413,
02EA020,2,2012/10/02,8.413,
02EA020,2,2012/10/03,8.414,
02EA020,2,2012/10/04,8.418,
02EA020,2,2012/10/05,8.420,
02EA020,2,2012/10/06,8.418,
02EA020,2,2012/10/07,8.417,
02EA020,2,2012/10/08,8.414,
02EA020,2,2012/10/09,8.408,
02EA020,2,2012/10/10,8.407,
02EA020,2,2012/10/11,8.408,
02EA020,2,2012/10/12,8.402,
02EA020,2,2012/10/13,8.389,
02EA020,2,2012/10/14,8.401,
02EA020,2,2012/10/15,8.406,
02EA020,2,2012/10/16,8.407,
02EA020,2,2012/10/17,8.401,
02EA020,2,2012/10/18,8.393,
02EA020,2,2012/10/19,8.390,
02EA020,2,2012/10/20,8.390,
02EA020,2,2012/10/21,8.393,
02EA020,2,2012/10/22,8.387,
02EA020,2,2012/10/23,8.381,
02EA020,2,2012/10/24,8.369,
02EA020,2,2012/10/25,8.360,
02EA020,2,2012/10/26,8.352,
02EA020,2,2012/10/27,8.344,
02EA020,2,2012/10/28,8.338,
02EA020,2,2012/10/29,8.336,
02EA020,2,2012/10/30,8.337,
02EA020,2,2012/10/31,8.334,
02EA020,2,2012/11/01,8.338,
02EA020,2,2012/11/02,8.337,
02EA020,2,2012/11/03,8.336,
02EA020,2,2012/11/04,8.330,
02EA020,2,2012/11/05,8.324,A
02EA020,2,2012/11/06,8.323,
02EA020,2,2012/11/07,8.322,
02EA020,2,2012/11/08,8.319,
02EA020,2,2012/11/09,8.321,
02EA020,2,2012/11/10,8.322,
02EA020,2,2012/11/11,8.328,
02EA020,2,2012/11/12,8.331,
02EA020,2,2012/11/13,8.347,
02EA020,2,2012/11/14,8.350,
02EA020,2,2012/11/15,8.352,
02EA020,2,2012/11/16,8.353,
02EA020,2,2012/11/17,8.353,
02EA020,2,2012/11/18,8.353,
02EA020,2,2012/11/19,8.353,
02EA020,2,2012/11/20,8.354,
02EA020,2,2012/11/21,8.353,
02EA020,2,2012/11/22,8.352,
02EA020,2,2012/11/23,8.358,
02EA020,2,2012/11/24,8.362,
02EA020,2,2012/11/25,8.362,A
02EA020,2,2012/11/26,8.364,
02EA020,2,2012/11/27,8.361,A
02EA020,2,2012/11/28,8.365,A
02EA020,2,2012/11/29,8.366,A
02EA020,2,2012/11/30,8.356,A
02EA020,2,2012/12/01,8.353,A
02EA020,2,2012/12/02,8.363,
02EA020,2,2012/12/03,8.369,
02EA020,2,2012/12/04,8.377,
02EA020,2,2012/12/05,8.377,
02EA020,2,2012/12/06,8.357,A
02EA020,2,2012/12/07,8.350,
02EA020,2,2012/12/08,8.351,
02EA020,2,2012/12/09,8.348,A
02EA020,2,2012/12/10,8.346,
02EA020,2,2012/12/11,8.337,A
02EA020,2,2012/12/12,8.338,A
02EA020,2,2012/12/13,8.330,A
02EA020,2,2012/12/14,8.327,
02EA020,2,2012/12/15,8.322,
02EA020,2,2012/12/16,8.320,
02EA020,2,2012/12/17,8.321,
02EA020,2,2012/12/18,8.320,
02EA020,2,2012/12/19,8.315,
02EA020,2,2012/12/20,8.314,
02EA020,2,2012/12/21,,
02EA020,2,2012/12/22,,
02EA020,2,2012/12/23,,
02EA020,2,2012/12/24,,
02EA020,2,2012/12/25,,
02EA020,2,2012/12/26,,
02EA020,2,2012/12/27,8.286,A
02EA020,2,2012/12/28,8.281,A
02EA020,2,2012/12/29,8.276,
02EA020,2,2012/12/30,8.270,A
02EA020,2,2012/12/31,8.268,
02EA020,2,2013/01/01,8.263,
02EA020,2,2013/01/02,8.257,
02EA020,2,2013/01/03,8.256,
02EA020,2,2013/01/04,8.256,
02EA020,2,2013/01/05,8.251,
02EA020,2,2013/01/06,8.250,
02EA020,2,2013/01/07,8.245,
02EA020,2,2013/01/08,8.242,
02EA020,2,2013/01/09,8.240,
02EA020,2,2013/01/10,8.234,
02EA020,2,2013/01/11,8.235,
02EA020,2,2013/01/12,8.238,
02EA020,2,2013/01/13,8.244,
02EA020,2,2013/01/14,8.250,
02EA020,2,2013/01/15,8.250,
02EA020,2,2013/01/16,8.247,
02EA020,2,2013/01/17,8.245,
02EA020,2,2013/01/18,8.242,
02EA020,2,2013/01/19,8.250,
02EA020,2,2013/01/20,8.258,A
02EA020,2,2013/01/21,8.254,A
02EA020,2,2013/01/22,8.252,A
02EA020,2,2013/01/23,,
02EA020,2,2013/01/24,,
02EA020,2,2013/01/25,8.237,A
02EA020,2,2013/01/26,8.234,
02EA020,2,2013/01/27,8.227,A
02EA020,2,2013/01/28,8.234,
02EA020,2,2013/01/29,8.236,
02EA020,2,2013/01/30,8.286,
02EA020,2,2013/01/31,8.317,A
02EA020,2,2013/02/01,,
02EA020,2,2013/02/02,,
02EA020,2,2013/02/03,,
02EA020,2,2013/02/04,,
02EA020,2,2013/02/05,,
02EA020,2,2013/02/06,,
02EA020,2,2013/02/07,,
02EA020,2,2013/02/08,,
02EA020,2,2013/02/09,,
02EA020,2,2013/02/10,8.324,A
02EA020,2,2013/02/11,8.328,
02EA020,2,2013/02/12,8.331,
02EA020,2,2013/02/13,8.328,
02EA020,2,2013/02/14,8.325,
02EA020,2,2013/02/15,8.328,
02EA020,2,2013/02/16,8.324,
02EA020,2,2013/02/17,8.319,
02EA020,2,2013/02/18,8.313,
02EA020,2,2013/02/19,8.312,
02EA020,2,2013/02/20,8.309,
02EA020,2,2013/02/21,8.302,
02EA020,2,2013/02/22,8.300,
02EA020,2,2013/02/23,8.297,
02EA020,2,2013/02/24,8.295,
02EA020,2,2013/02/25,8.290,
02EA020,2,2013/02/26,8.285,
02EA020,2,2013/02/27,8.283,
02EA020,2,2013/02/28,8.284,
02EA020,2,2013/03/01,8.278,
02EA020,2,2013/03/02,8.273,
02EA020,2,2013/03/03,8.268,
02EA020,2,2013/03/04,8.264,
02EA020,2,2013/03/05,8.260,
02EA020,2,2013/03/06,8.255,
02EA020,2,2013/03/07,8.251,
02EA020,2,2013/03/08,8.245,
02EA020,2,2013/03/09,8.242,
02EA020,2,2013/03/10,8.239,
02EA020,2,2013/03/11,8.243,
02EA020,2,2013/03/12,8.261,
02EA020,2,2013/03/13,8.261,
02EA020,2,2013/03/14,8.263,
02EA020,2,2013/03/15,8.265,
02EA020,2,2013/03/16,8.263,
02EA020,2,2013/03/17,8.259,
02EA020,2,2013/03/18,8.257,
02EA020,2,2013/03/19,8.260,
02EA020,2,2013/03/20,8.259,
02EA020,2,2013/03/21,8.256,
02EA020,2,2013/03/22,8.253,
02EA020,2,2013/03/23,8.249,
02EA020,2,2013/03/24,8.244,
02EA020,2,2013/03/25,8.239,
02EA020,2,2013/03/26,8.233,
02EA020,2,2013/03/27,8.228,
02EA020,2,2013/03/28,8.223,
02EA020,2,2013/03/29,8.220,
02EA020,2,2013/03/30,8.220,
02EA020,2,2013/03/31,8.221,
02EA020,2,2013/04/01,8.231,
02EA020,2,2013/04/02,8.229,
02EA020,2,2013/04/03,8.225,
02EA020,2,2013/04/04,8.224,
02EA020,2,2013/04/05,8.224,
02EA020,2,2013/04/06,8.221,
02EA020,2,2013/04/07,8.229,
02EA020,2,2013/04/08,8.235,
02EA020,2,2013/04/09,8.248,
02EA020,2,2013/04/10,8.256,
02EA020,2,2013/04/11,8.261,
02EA020,2,2013/04/12,8.277,
02EA020,2,2013/04/13,8.288,
02EA020,2,2013/04/14,8.294,
02EA020,2,2013/04/15,8.298,
02EA020,2,2013/04/16,8.325,
02EA020,2,2013/04/17,8.361,
02EA020,2,2013/04/18,8.424,
02EA020,2,2013/04/19,8.493,A
02EA020,2,2013/04/20,,
02EA020,2,2013/04/21,,
02EA020,2,2013/04/22,,
02EA020,2,2013/04/23,,
02EA020,2,2013/04/24,8.646,A
02EA020,2,2013/04/25,8.658,
02EA020,2,2013/04/26,8.671,
02EA020,2,2013/04/27,8.675,
02EA020,2,2013/04/28,8.678,
02EA020,2,2013/04/29,8.676,
02EA020,2,2013/04/30,8.674,
02EA020,2,2013/05/01,8.669,
02EA020,2,2013/05/02,8.661,
02EA020,2,2013/05/03,8.651,
02EA020,2,2013/05/04,8.640,
02EA020,2,2013/05/05,8.628,
02EA020,2,2013/05/06,8.619,
02EA020,2,2013/05/07,8.609,
02EA020,2,2013/05/08,8.598,
02EA020,2,2013/05/09,8.588,A
02EA020,2,2013/05/10,8.593,
02EA020,2,2013/05/11,8.595,
02EA020,2,2013/05/12,8.588,
02EA020,2,2013/05/13,8.588,
02EA020,2,2013/05/14,8.582,
02EA020,2,2013/05/15,8.577,
02EA020,2,2013/05/16,8.576,
02EA020,2,2013/05/17,8.572,
02EA020,2,2013/05/18,8.564,
02EA020,2,2013/05/19,8.559,
02EA020,2,2013/05/20,8.560,
02EA020,2,2013/05/21,8.576,
02EA020,2,2013/05/22,8.607,
02EA020,2,2013/05/23,8.653,
02EA020,2,2013/05/24,8.665,
02EA020,2,2013/05/25,8.666,
02EA020,2,2013/05/26,8.661,
02EA020,2,2013/05/27,8.648,
02EA020,2,2013/05/28,8.632,
02EA020,2,2013/05/29,8.623,
02EA020,2,2013/05/30,8.619,
02EA020,2,2013/05/31,8.608,
02EA020,2,2013/06/01,8.607,
02EA020,2,2013/06/02,8.610,
02EA020,2,2013/06/03,8.605,
02EA020,2,2013/06/04,8.611,A
02EA020,2,2013/06/05,8.617,
02EA020,2,2013/06/06,8.605,
02EA020,2,2013/06/07,8.597,
02EA020,2,2013/06/08,8.589,
02EA020,2,2013/06/09,8.580,
02EA020,2,2013/06/10,8.573,
02EA020,2,2013/06/11,8.575,
02EA020,2,2013/06/12,8.561,
02EA020,2,2013/06/13,8.556,
02EA020,2,2013/06/14,8.544,
02EA020,2,2013/06/15,8.527,
02EA020,2,2013/06/16,8.528,
02EA020,2,2013/06/17,8.531,
02EA020,2,2013/06/18,8.522,
02EA020,2,2013/06/19,8.515,
02EA020,2,2013/06/20,8.510,
02EA020,2,2013/06/21,8.506,
02EA020,2,2013/06/22,8.501,
02EA020,2,2013/06/23,8.495,
02EA020,2,2013/06/24,8.491,
02EA020,2,2013/06/25,8.486,
02EA020,2,2013/06/26,8.482,
02EA020,2,2013/06/27,8.489,
02EA020,2,2013/06/28,8.516,
02EA020,2,2013/06/29,8.509,
02EA020,2,2013/06/30,8.504,
02EA020,2,2013/07/01,8.499,
02EA020,2,2013/07/02,8.490,
02EA020,2,2013/07/03,8.490,
02EA020,2,2013/07/04,8.501,
02EA020,2,2013/07/05,8.514,
02EA020,2,2013/07/06,8.513,
02EA020,2,2013/07/07,8.515,
02EA020,2,2013/07/08,8.517,
02EA020,2,2013/07/09,8.514,
02EA020,2,2013/07/10,8.509,
02EA020,2,2013/07/11,8.512,
02EA020,2,2013/07/12,8.508,
02EA020,2,2013/07/13,8.505,
02EA020,2,2013/07/14,8.502,
02EA020,2,2013/07/15,8.500,
02EA020,2,2013/07/16,8.498,
02EA020,2,2013/07/17,8.492,
02EA020,2,2013/07/18,8.493,
02EA020,2,2013/07/19,8.518,
02EA020,2,2013/07/20,8.525,
02EA020,2,2013/07/21,8.519,
02EA020,2,2013/07/22,8.514,
02EA020,2,2013/07/23,8.509,
02EA020,2,2013/07/24,8.503,
02EA020,2,2013/07/25,8.498,
02EA020,2,2013/07/26,8.494,
02EA020,2,2013/07/27,8.492,
02EA020,2,2013/07/28,8.508,
02EA020,2,2013/07/29,8.516,
02EA020,2,2013/07/30,8.516,
02EA020,2,2013/07/31,8.515,
02EA020,2,2013/08/01,8.529,
02EA020,2,2013/08/02,8.531,
02EA020,2,2013/08/03,8.532,
02EA020,2,2013/08/04,8.533,
02EA020,2,2013/08/05,8.529,
02EA020,2,2013/08/06,8.526,
02EA020,2,2013/08/07,8.532,
02EA020,2,2013/08/08,8.539,
02EA020,2,2013/08/09,8.537,
02EA020,2,2013/08/10,8.532,
02EA020,2,2013/08/11,8.527,
02EA020,2,2013/08/12,8.524,
02EA020,2,2013/08/13,8.519,
02EA020,2,2013/08/14,8.520,
02EA020,2,2013/08/15,8.510,
02EA020,2,2013/08/16,8.510,
02EA020,2,2013/08/17,8.505,
02EA020,2,2013/08/18,8.501,
02EA020,2,2013/08/19,8.498,
02EA020,2,2013/08/20,8.495,
02EA020,2,2013/08/21,8.492,
02EA020,2,2013/08/22,8.506,
02EA020,2,2013/08/23,8.504,
02EA020,2,2013/08/24,8.498,
02EA020,2,2013/08/25,8.497,
02EA020,2,2013/08/26,8.541,
02EA020,2,2013/08/27,8.552,
02EA020,2,2013/08/28,8.561,
02EA020,2,2013/08/29,8.560,
02EA020,2,2013/08/30,8.563,
02EA020,2,2013/08/31,8.572,
02EA020,2,2013/09/01,8.569,
02EA020,2,2013/09/02,8.568,
02EA020,2,2013/09/03,8.569,
02EA020,2,2013/09/04,8.566,
02EA020,2,2013/09/05,8.559,
02EA020,2,2013/09/06,8.548,
02EA020,2,2013/09/07,8.547,
02EA020,2,2013/09/08,8.545,
02EA020,2,2013/09/09,8.537,
02EA020,2,2013/09/10,8.548,
02EA020,2,2013/09/11,8.540,
02EA020,2,2013/09/12,8.534,
02EA020,2,2013/09/13,8.525,
02EA020,2,2013/09/14,8.509,
02EA020,2,2013/09/15,8.505,
02EA020,2,2013/09/16,8.511,
02EA020,2,2013/09/17,8.497,
02EA020,2,2013/09/18,8.489,
02EA020,2,2013/09/19,8.484,
02EA020,2,2013/09/20,8.485,
02EA020,2,2013/09/21,8.547,
02EA020,2,2013/09/22,8.556,
02EA020,2,2013/09/23,8.552,
02EA020,2,2013/09/24,8.544,
02EA020,2,2013/09/25,8.537,
02EA020,2,2013/09/26,8.530,
02EA020,2,2013/09/27,8.523,
02EA020,2,2013/09/28,8.515,
02EA020,2,2013/09/29,8.505,
02EA020,2,2013/09/30,8.499,
02EA020,2,2013/10/01,8.491,
02EA020,2,2013/10/02,8.482,
02EA020,2,2013/10/03,8.475,
02EA020,2,2013/10/04,8.472,
02EA020,2,2013/10/05,8.467,
02EA020,2,2013/10/06,8.465,
02EA020,2,2013/10/07,8.497,
02EA020,2,2013/10/08,8.502,
02EA020,2,2013/10/09,8.498,
02EA020,2,2013/10/10,8.493,
02EA020,2,2013/10/11,8.487,
02EA020,2,2013/10/12,8.480,
02EA020,2,2013/10/13,8.472,
02EA020,2,2013/10/14,8.465,
02EA020,2,2013/10/15,8.456,
02EA020,2,2013/10/16,8.456,
02EA020,2,2013/10/17,8.454,
02EA020,2,2013/10/18,8.451,
02EA020,2,2013/10/19,8.449,
02EA020,2,2013/10/20,8.454,
02EA020,2,2013/10/21,8.452,
02EA020,2,2013/10/22,8.466,
02EA020,2,2013/10/23,8.471,
02EA020,2,2013/10/24,8.466,
02EA020,2,2013/10/25,8.460,
02EA020,2,2013/10/26,8.477,
02EA020,2,2013/10/27,8.490,
02EA020,2,2013/10/28,8.501,
02EA020,2,2013/10/29,8.500,
02EA020,2,2013/10/30,8.499,
02EA020,2,2013/10/31,8.508,
02EA020,2,2013/11/01,8.560,
02EA020,2,2013/11/02,8.587,
02EA020,2,2013/11/03,8.588,
02EA020,2,2013/11/04,8.584,
02EA020,2,2013/11/05,8.577,
02EA020,2,2013/11/06,8.584,
02EA020,2,2013/11/07,8.607,
02EA020,2,2013/11/08,8.608,
02EA020,2,2013/11/09,8.607,
02EA020,2,2013/11/10,8.609,
02EA020,2,2013/11/11,8.612,
02EA020,2,2013/11/12,8.608,
02EA020,2,2013/11/13,8.598,
02EA020,2,2013/11/14,8.589,
02EA020,2,2013/11/15,8.584,
02EA020,2,2013/11/16,8.578,
02EA020,2,2013/11/17,8.578,
02EA020,2,2013/11/18,8.596,
02EA020,2,2013/11/19,8.600,
02EA020,2,2013/11/20,8.595,
02EA020,2,2013/11/21,8.587,
02EA020,2,2013/11/22,8.583,
02EA020,2,2013/11/23,8.580,
02EA020,2,2013/11/24,8.571,
02EA020,2,2013/11/25,8.560,
02EA020,2,2013/11/26,8.554,
02EA020,2,2013/11/27,8.543,
02EA020,2,2013/11/28,8.532,
02EA020,2,2013/11/29,8.522,
02EA020,2,2013/11/30,8.511,
02EA020,2,2013/12/01,8.506,
02EA020,2,2013/12/02,8.498,
02EA020,2,2013/12/03,8.489,
02EA020,2,2013/12/04,8.483,
02EA020,2,2013/12/05,8.480,
02EA020,2,2013/12/06,8.472,
02EA020,2,2013/12/07,8.464,
02EA020,2,2013/12/08,8.455,
02EA020,2,2013/12/09,8.448,
02EA020,2,2013/12/10,8.446,
02EA020,2,2013/12/11,8.441,
02EA020,2,2013/12/12,8.434,
02EA020,2,2013/12/13,8.428,
02EA020,2,2013/12/14,8.420,
02EA020,2,2013/12/15,8.414,
02EA020,2,2013/12/16,8.406,
02EA020,2,2013/12/17,8.399,
02EA020,2,2013/12/18,8.393,
02EA020,2,2013/12/19,8.387,
02EA020,2,2013/12/20,8.384,
02EA020,2,2013/12/21,8.381,
02EA020,2,2013/12/22,8.383,
02EA020,2,2013/12/23,8.380,
02EA020,2,2013/12/24,8.372,
02EA020,2,2013/12/25,8.365,
02EA020,2,2013/12/26,8.359,
02EA020,2,2013/12/27,8.352,
02EA020,2,2013/12/28,8.345,
02EA020,2,2013/12/29,8.340,
02EA020,2,2013/12/30,8.332,
02EA020,2,2013/12/31,8.327,
02EA020,2,2014/01/01,8.320,
02EA020,2,2014/01/02,8.312,
02EA020,2,2014/01/03,8.305,
02EA020,2,2014/01/04,8.298,
02EA020,2,2014/01/05,8.292,
02EA020,2,2014/01/06,8.296,
02EA020,2,2014/01/07,8.291,
02EA020,2,2014/01/08,8.284,
02EA020,2,2014/01/09,8.278,
02EA020,2,2014/01/10,8.272,
02EA020,2,2014/01/11,8.281,
02EA020,2,2014/01/12,8.287,
02EA020,2,2014/01/13,8.284,
02EA020,2,2014/01/14,8.282,
02EA020,2,2014/01/15,8.279,
02EA020,2,2014/01/16,8.278,
02EA020,2,2014/01/17,8.276,
02EA020,2,2014/01/18,8.273,
02EA020,2,2014/01/19,8.272,
02EA020,2,2014/01/20,8.268,
02EA020,2,2014/01/21,8.262,
02EA020,2,2014/01/22,8.255,
02EA020,2,2014/01/23,8.248,
02EA020,2,2014/01/24,8.242,
02EA020,2,2014/01/25,8.240,
02EA020,2,2014/01/26,8.236,
02EA020,2,2014/01/27,8.232,
02EA020,2,2014/01/28,8.227,
02EA020,2,2014/01/29,8.229,
02EA020,2,2014/01/30,8.224,
02EA020,2,2014/01/31,8.221,
02EA020,2,2014/02/01,8.216,
02EA020,2,2014/02/02,8.215,
02EA020,2,2014/02/03,8.212,
02EA020,2,2014/02/04,8.206,
02EA020,2,2014/02/05,8.200,
02EA020,2,2014/02/06,8.193,
02EA020,2,2014/02/07,8.188,
02EA020,2,2014/02/08,8.184,
02EA020,2,2014/02/09,8.180,
02EA020,2,2014/02/10,8.181,
02EA020,2,2014/02/11,8.178,
02EA020,2,2014/02/12,8.174,
02EA020,2,2014/02/13,8.167,
02EA020,2,2014/02/14,8.162,
02EA020,2,2014/02/15,8.151,
02EA020,2,2014/02/16,8.147,
02EA020,2,2014/02/17,8.142,
02EA020,2,2014/02/18,8.139,
02EA020,2,2014/02/19,8.137,
02EA020,2,2014/02/20,8.135,
02EA020,2,2014/02/21,8.141,
02EA020,2,2014/02/22,8.147,
02EA020,2,2014/02/23,8.142,
02EA020,2,2014/02/24,8.137,
02EA020,2,2014/02/25,8.135,
02EA020,2,2014/02/26,8.134,
02EA020,2,2014/02/27,8.131,
02EA020,2,2014/02/28,8.128,
02EA020,2,2014/03/01,8.125,
02EA020,2,2014/03/02,8.122,
02EA020,2,2014/03/03,8.118,
02EA020,2,2014/03/04,8.114,
02EA020,2,2014/03/05,8.115,
02EA020,2,2014/03/06,8.109,
02EA020,2,2014/03/07,8.104,
02EA020,2,2014/03/08,8.101,
02EA020,2,2014/03/09,8.103,
02EA020,2,2014/03/10,8.107,
02EA020,2,2014/03/11,8.104,
02EA020,2,2014/03/12,8.101,
02EA020,2,2014/03/13,8.108,
02EA020,2,2014/03/14,8.088,
02EA020,2,2014/03/15,8.089,
02EA020,2,2014/03/16,8.091,
02EA020,2,2014/03/17,8.085,
02EA020,2,2014/03/18,8.081,
02EA020,2,2014/03/19,8.082,
02EA020,2,2014/03/20,8.092,
02EA020,2,2014/03/21,8.092,
02EA020,2,2014/03/22,8.096,
02EA020,2,2014/03/23,8.102,
02EA020,2,2014/03/24,8.104,
02EA020,2,2014/03/25,8.104,
02EA020,2,2014/03/26,8.106,
02EA020,2,2014/03/27,8.109,
02EA020,2,2014/03/28,8.110,
02EA020,2,2014/03/29,8.112,
02EA020,2,2014/03/30,8.094,
02EA020,2,2014/03/31,8.088,
02EA020,2,2014/04/01,8.089,
02EA020,2,2014/04/02,8.090,
02EA020,2,2014/04/03,8.092,
02EA020,2,2014/04/04,8.101,
02EA020,2,2014/04/05,8.114,
02EA020,2,2014/04/06,8.113,
02EA020,2,2014/04/07,8.115,
02EA020,2,2014/04/08,8.130,
02EA020,2,2014/04/09,8.141,
02EA020,2,2014/04/10,8.154,
02EA020,2,2014/04/11,8.177,
02EA020,2,2014/04/12,8.201,
02EA020,2,2014/04/13,8.250,
02EA020,2,2014/04/14,8.336,
02EA020,2,2014/04/15,8.398,
02EA020,2,2014/04/16,8.419,
02EA020,2,2014/04/17,8.425,
02EA020,2,2014/04/18,8.424,
02EA020,2,2014/04/19,8.440,
02EA020,2,2014/04/20,8.448,
02EA020,2,2014/04/21,8.463,
02EA020,2,2014/04/22,8.495,
02EA020,2,2014/04/23,8.519,
02EA020,2,2014/04/24,8.526,
02EA020,2,2014/04/25,8.526,
02EA020,2,2014/04/26,8.531,
02EA020,2,2014/04/27,8.530,
02EA020,2,2014/04/28,8.526,
02EA020,2,2014/04/29,8.527,
02EA020,2,2014/04/30,8.536,
02EA020,2,2014/05/01,8.545,
02EA020,2,2014/05/02,8.549,
02EA020,2,2014/05/03,8.551,
02EA020,2,2014/05/04,8.556,
02EA020,2,2014/05/05,8.550,
02EA020,2,2014/05/06,8.539,
02EA020,2,2014/05/07,8.519,
02EA020,2,2014/05/08,8.527,
02EA020,2,2014/05/09,8.566,
02EA020,2,2014/05/10,8.582,
02EA020,2,2014/05/11,8.588,
02EA020,2,2014/05/12,8.596,
02EA020,2,2014/05/13,8.570,
02EA020,2,2014/05/14,8.580,
02EA020,2,2014/05/15,8.606,
02EA020,2,2014/05/16,8.645,
02EA020,2,2014/05/17,8.659,
02EA020,2,2014/05/18,8.652,
02EA020,2,2014/05/19,8.643,
02EA020,2,2014/05/20,8.633,
02EA020,2,2014/05/21,8.622,
02EA020,2,2014/05/22,8.612,
02EA020,2,2014/05/23,8.609,
02EA020,2,2014/05/24,8.602,
02EA020,2,2014/05/25,8.588,
02EA020,2,2014/05/26,8.576,
02EA020,2,2014/05/27,8.569,
02EA020,2,2014/05/28,8.557,
02EA020,2,2014/05/29,8.546,
02EA020,2,2014/05/30,8.531,
02EA020,2,2014/05/31,8.508,
02EA020,2,2014/06/01,8.493,
02EA020,2,2014/06/02,8.505,
02EA020,2,2014/06/03,8.536,
02EA020,2,2014/06/04,8.544,
02EA020,2,2014/06/05,8.543,
02EA020,2,2014/06/06,8.536,
02EA020,2,2014/06/07,8.530,
02EA020,2,2014/06/08,8.527,
02EA020,2,2014/06/09,8.523,
02EA020,2,2014/06/10,8.516,
02EA020,2,2014/06/11,8.530,
02EA020,2,2014/06/12,8.577,
02EA020,2,2014/06/13,8.598,
02EA020,2,2014/06/14,8.601,
02EA020,2,2014/06/15,8.599,
02EA020,2,2014/06/16,8.589,
02EA020,2,2014/06/17,8.583,
02EA020,2,2014/06/18,8.597,
02EA020,2,2014/06/19,8.591,
02EA020,2,2014/06/20,8.578,
02EA020,2,2014/06/21,8.565,
02EA020,2,2014/06/22,8.552,
02EA020,2,2014/06/23,8.547,
02EA020,2,2014/06/24,8.575,
02EA020,2,2014/06/25,8.622,
02EA020,2,2014/06/26,8.619,
02EA020,2,2014/06/27,8.603,
02EA020,2,2014/06/28,8.592,
02EA020,2,2014/06/29,8.583,
02EA020,2,2014/06/30,8.583,
02EA020,2,2014/07/01,8.581,
02EA020,2,2014/07/02,8.573,
02EA020,2,2014/07/03,8.566,
02EA020,2,2014/07/04,8.551,
02EA020,2,2014/07/05,8.534,
02EA020,2,2014/07/06,8.520,
02EA020,2,2014/07/07,8.524,
02EA020,2,2014/07/08,8.528,
02EA020,2,2014/07/09,8.533,
02EA020,2,2014/07/10,8.528,
02EA020,2,2014/07/11,8.519,
02EA020,2,2014/07/12,8.508,
02EA020,2,2014/07/13,8.515,
02EA020,2,2014/07/14,8.511,
02EA020,2,2014/07/15,8.502,
02EA020,2,2014/07/16,8.493,
02EA020,2,2014/07/17,8.493,
02EA020,2,2014/07/18,8.504,
02EA020,2,2014/07/19,8.502,
02EA020,2,2014/07/20,8.502,
02EA020,2,2014/07/21,8.501,
02EA020,2,2014/07/22,8.497,
02EA020,2,2014/07/23,8.496,
02EA020,2,2014/07/24,8.486,
02EA020,2,2014/07/25,8.478,
02EA020,2,2014/07/26,8.477,
02EA020,2,2014/07/27,8.486,
02EA020,2,2014/07/28,8.484,
02EA020,2,2014/07/29,8.474,
02EA020,2,2014/07/30,8.476,
02EA020,2,2014/07/31,8.476,
02EA020,2,2014/08/01,8.475,
02EA020,2,2014/08/02,8.473,
02EA020,2,2014/08/03,8.471,
02EA020,2,2014/08/04,8.468,
02EA020,2,2014/08/05,8.473,
02EA020,2,2014/08/06,8.469,
02EA020,2,2014/08/07,8.467,
02EA020,2,2014/08/08,8.463,
02EA020,2,2014/08/09,8.459,
02EA020,2,2014/08/10,8.457,
02EA020,2,2014/08/11,8.455,
02EA020,2,2014/08/12,8.461,
02EA020,2,2014/08/13,8.472,
02EA020,2,2014/08/14,8.478,
02EA020,2,2014/08/15,8.483,
02EA020,2,2014/08/16,8.498,
02EA020,2,2014/08/17,8.514,
02EA020,2,2014/08/18,8.512,
02EA020,2,2014/08/19,8.508,
02EA020,2,2014/08/20,8.508,
02EA020,2,2014/08/21,8.533,
02EA020,2,2014/08/22,8.547,
02EA020,2,2014/08/23,8.544,
02EA020,2,2014/08/24,8.537,
02EA020,2,2014/08/25,8.528,
02EA020,2,2014/08/26,8.518,
02EA020,2,2014/08/27,8.525,
02EA020,2,2014/08/28,8.526,
02EA020,2,2014/08/29,8.516,
02EA020,2,2014/08/30,8.515,
02EA020,2,2014/08/31,8.528,
02EA020,2,2014/09/01,8.528,
02EA020,2,2014/09/02,8.513,
02EA020,2,2014/09/03,8.496,
02EA020,2,2014/09/04,8.486,
02EA020,2,2014/09/05,8.478,
02EA020,2,2014/09/06,8.472,
02EA020,2,2014/09/07,8.458,
02EA020,2,2014/09/08,8.446,
02EA020,2,2014/09/09,8.436,
02EA020,2,2014/09/10,8.433,
02EA020,2,2014/09/11,8.469,
02EA020,2,2014/09/12,8.464,
02EA020,2,2014/09/13,8.466,
02EA020,2,2014/09/14,8.462,
02EA020,2,2014/09/15,8.458,
02EA020,2,2014/09/16,8.453,
02EA020,2,2014/09/17,8.446,
02EA020,2,2014/09/18,8.443,
02EA020,2,2014/09/19,8.429,
02EA020,2,2014/09/20,8.422,
02EA020,2,2014/09/21,8.458,
02EA020,2,2014/09/22,8.470,
02EA020,2,2014/09/23,8.472,
02EA020,2,2014/09/24,8.472,
02EA020,2,2014/09/25,8.468,
02EA020,2,2014/09/26,8.462,
02EA020,2,2014/09/27,8.456,
02EA020,2,2014/09/28,8.448,
02EA020,2,2014/09/29,8.444,
02EA020,2,2014/09/30,8.442,
02EA020,2,2014/10/01,8.430,
02EA020,2,2014/10/02,8.421,
02EA020,2,2014/10/03,8.415,
02EA020,2,2014/10/04,8.427,
02EA020,2,2014/10/05,8.434,
02EA020,2,2014/10/06,8.435,
02EA020,2,2014/10/07,8.438,
02EA020,2,2014/10/08,8.435,
02EA020,2,2014/10/09,8.432,
02EA020,2,2014/10/10,8.425,
02EA020,2,2014/10/11,8.418,
02EA020,2,2014/10/12,8.410,
02EA020,2,2014/10/13,8.403,
02EA020,2,2014/10/14,8.405,
02EA020,2,2014/10/15,8.455,
02EA020,2,2014/10/16,8.471,
02EA020,2,2014/10/17,8.476,
02EA020,2,2014/10/18,8.483,
02EA020,2,2014/10/19,8.476,
02EA020,2,2014/10/20,8.473,
02EA020,2,2014/10/21,8.488,
02EA020,2,2014/10/22,8.481,
02EA020,2,2014/10/23,8.475,
02EA020,2,2014/10/24,8.468,
02EA020,2,2014/10/25,8.463,
02EA020,2,2014/10/26,8.459,
02EA020,2,2014/10/27,8.454,
02EA020,2,2014/10/28,8.456,
02EA020,2,2014/10/29,8.459,
02EA020,2,2014/10/30,8.456,
02EA020,2,2014/10/31,8.462,
02EA020,2,2014/11/01,8.458,
02EA020,2,2014/11/02,8.449,
02EA020,2,2014/11/03,8.443,
02EA020,2,2014/11/04,8.443,
02EA020,2,2014/11/05,8.459,
02EA020,2,2014/11/06,8.466,
02EA020,2,2014/11/07,8.471,
02EA020,2,2014/11/08,8.468,
02EA020,2,2014/11/09,8.473,
02EA020,2,2014/11/10,8.480,
02EA020,2,2014/11/11,8.480,
02EA020,2,2014/11/12,8.480,
02EA020,2,2014/11/13,8.479,
02EA020,2,2014/11/14,8.474,
02EA020,2,2014/11/15,8.467,
02EA020,2,2014/11/16,8.465,
02EA020,2,2014/11/17,8.466,
02EA020,2,2014/11/18,8.471,
02EA020,2,2014/11/19,8.473,
02EA020,2,2014/11/20,8.475,
02EA020,2,2014/11/21,8.469,
02EA020,2,2014/11/22,8.461,
02EA020,2,2014/11/23,8.458,
02EA020,2,2014/11/24,8.487,
02EA020,2,2014/11/25,8.555,
02EA020,2,2014/11/26,8.579,
02EA020,2,2014/11/27,8.582,
02EA020,2,2014/11/28,8.579,
02EA020,2,2014/11/29,8.572,
02EA020,2,2014/11/30,8.567,
02EA020,2,2014/12/01,8.561,
02EA020,2,2014/12/02,8.550,
02EA020,2,2014/12/03,8.540,
02EA020,2,2014/12/04,8.532,
02EA020,2,2014/12/05,8.521,
02EA020,2,2014/12/06,8.513,
02EA020,2,2014/12/07,8.502,
02EA020,2,2014/12/08,8.491,
02EA020,2,2014/12/09,8.484,
02EA020,2,2014/12/10,8.476,
02EA020,2,2014/12/11,8.476,
02EA020,2,2014/12/12,8.474,
02EA020,2,2014/12/13,8.465,
02EA020,2,2014/12/14,8.458,
02EA020,2,2014/12/15,8.451,
02EA020,2,2014/12/16,8.444,
02EA020,2,2014/12/17,8.447,
02EA020,2,2014/12/18,8.441,
02EA020,2,2014/12/19,8.432,
02EA020,2,2014/12/20,8.423,
02EA020,2,2014/12/21,8.415,
02EA020,2,2014/12/22,8.407,
02EA020,2,2014/12/23,8.399,
02EA020,2,2014/12/24,8.407,
02EA020,2,2014/12/25,8.440,
02EA020,2,2014/12/26,8.448,
02EA020,2,2014/12/27,8.453,
02EA020,2,2014/12/28,8.469,
02EA020,2,2014/12/29,8.470,
02EA020,2,2014/12/30,8.466,
02EA020,2,2014/12/31,8.461,
02EA020,2,2015/01/01,8.461,
02EA020,2,2015/01/02,8.457,
02EA020,2,2015/01/03,8.452,
02EA020,2,2015/01/04,8.456,
02EA020,2,2015/01/05,8.452,
02EA020,2,2015/01/06,8.446,
02EA020,2,2015/01/07,8.443,
02EA020,2,2015/01/08,8.437,
02EA020,2,2015/01/09,8.435,
02EA020,2,2015/01/10,8.429,
02EA020,2,2015/01/11,8.424,
02EA020,2,2015/01/12,8.420,
02EA020,2,2015/01/13,8.411,
02EA020,2,2015/01/14,8.402,
02EA020,2,2015/01/15,8.395,
02EA020,2,2015/01/16,8.390,
02EA020,2,2015/01/17,8.382,
02EA020,2,2015/01/18,8.377,
02EA020,2,2015/01/19,8.372,
02EA020,2,2015/01/20,8.364,
02EA020,2,2015/01/21,8.356,A
02EA020,2,2015/01/22,8.346,A
02EA020,2,2015/01/23,8.338,A
02EA020,2,2015/01/24,8.334,A
02EA020,2,2015/01/25,8.329,A
02EA020,2,2015/01/26,8.311,A
02EA020,2,2015/01/27,8.303,A
02EA020,2,2015/01/28,,
02EA020,2,2015/01/29,8.298,A
02EA020,2,2015/01/30,8.293,
02EA020,2,2015/01/31,8.286,
02EA020,2,2015/02/01,8.279,
02EA020,2,2015/02/02,8.271,
02EA020,2,2015/02/03,8.264,
02EA020,2,2015/02/04,8.261,
02EA020,2,2015/02/05,8.256,
02EA020,2,2015/02/06,8.250,
02EA020,2,2015/02/07,8.244,
02EA020,2,2015/02/08,8.243,
02EA020,2,2015/02/09,8.234,
02EA020,2,2015/02/10,8.227,
02EA020,2,2015/02/11,8.221,
02EA020,2,2015/02/12,8.219,
02EA020,2,2015/02/13,8.212,
02EA020,2,2015/02/14,8.209,
02EA020,2,2015/02/15,8.202,
02EA020,2,2015/02/16,8.196,
02EA020,2,2015/02/17,8.192,
02EA020,2,2015/02/18,8.187,
02EA020,2,2015/02/19,8.180,
02EA020,2,2015/02/20,8.174,
02EA020,2,2015/02/21,8.172,
02EA020,2,2015/02/22,8.166,
02EA020,2,2015/02/23,8.161,
02EA020,2,2015/02/24,8.156,
02EA020,2,2015/02/25,8.153,
02EA020,2,2015/02/26,8.152,
02EA020,2,2015/02/27,8.152,
02EA020,2,2015/02/28,8.147,
02EA020,2,2015/03/01,8.143,
02EA020,2,2015/03/02,8.139,
02EA020,2,2015/03/03,8.141,
02EA020,2,2015/03/04,8.134,
02EA020,2,2015/03/05,8.131,
02EA020,2,2015/03/06,8.124,
02EA020,2,2015/03/07,8.119,
02EA020,2,2015/03/08,8.118,
02EA020,2,2015/03/09,8.121,
02EA020,2,2015/03/10,8.119,
02EA020,2,2015/03/11,8.112,
02EA020,2,2015/03/12,8.111,
02EA020,2,2015/03/13,8.106,
02EA020,2,2015/03/14,8.103,
02EA020,2,2015/03/15,8.102,
02EA020,2,2015/03/16,8.100,
02EA020,2,2015/03/17,8.099,
02EA020,2,2015/03/18,8.097,
02EA020,2,2015/03/19,8.094,
02EA020,2,2015/03/20,8.091,
02EA020,2,2015/03/21,8.092,
02EA020,2,2015/03/22,8.092,
02EA020,2,2015/03/23,8.089,
02EA020,2,2015/03/24,8.088,
02EA020,2,2015/03/25,8.087,
02EA020,2,2015/03/26,8.092,
02EA020,2,2015/03/27,8.097,
02EA020,2,2015/03/28,8.095,
02EA020,2,2015/03/29,8.091,
02EA020,2,2015/03/30,8.095,
02EA020,2,2015/03/31,8.096,
02EA020,2,2015/04/01,8.093,
02EA020,2,2015/04/02,8.095,
02EA020,2,2015/04/03,8.102,
02EA020,2,2015/04/04,8.102,
02EA020,2,2015/04/05,8.099,
02EA020,2,2015/04/06,8.100,
02EA020,2,2015/04/07,8.101,
02EA020,2,2015/04/08,8.101,
02EA020,2,2015/04/09,8.102,
02EA020,2,2015/04/10,8.124,
02EA020,2,2015/04/11,8.140,
02EA020,2,2015/04/12,8.154,
02EA020,2,2015/04/13,8.179,
02EA020,2,2015/04/14,8.225,
02EA020,2,2015/04/15,8.283,
02EA020,2,2015/04/16,8.312,
02EA020,2,2015/04/17,8.340,
02EA020,2,2015/04/18,8.373,
02EA020,2,2015/04/19,8.399,
02EA020,2,2015/04/20,8.441,
02EA020,2,2015/04/21,8.477,
02EA020,2,2015/04/22,8.489,
02EA020,2,2015/04/23,8.498,
02EA020,2,2015/04/24,8.513,
02EA020,2,2015/04/25,8.522,
02EA020,2,2015/04/26,8.523,
02EA020,2,2015/04/27,8.525,
02EA020,2,2015/04/28,8.526,
02EA020,2,2015/04/29,8.526,
02EA020,2,2015/04/30,8.527,
02EA020,2,2015/05/01,8.527,
02EA020,2,2015/05/02,8.525,
02EA020,2,2015/05/03,8.523,
02EA020,2,2015/05/04,8.524,
02EA020,2,2015/05/05,8.527,
02EA020,2,2015/05/06,8.525,
02EA020,2,2015/05/07,8.521,
02EA020,2,2015/05/08,8.518,
02EA020,2,2015/05/09,8.525,
02EA020,2,2015/05/10,8.546,
02EA020,2,2015/05/11,8.566,
02EA020,2,2015/05/12,8.581,
02EA020,2,2015/05/13,8.591,
02EA020,2,2015/05/14,8.588,
02EA020,2,2015/05/15,8.587,
02EA020,2,2015/05/16,8.587,
02EA020,2,2015/05/17,8.586,
02EA020,2,2015/05/18,8.589,
02EA020,2,2015/05/19,8.589,
02EA020,2,2015/05/20,8.586,
02EA020,2,2015/05/21,8.577,
02EA020,2,2015/05/22,8.572,
02EA020,2,2015/05/23,8.560,
02EA020,2,2015/05/24,8.554,
02EA020,2,2015/05/25,8.578,
02EA020,2,2015/05/26,8.616,
02EA020,2,2015/05/27,8.619,
02EA020,2,2015/05/28,8.615,
02EA020,2,2015/05/29,8.605,
02EA020,2,2015/05/30,8.601,
02EA020,2,2015/05/31,8.598,
02EA020,2,2015/06/01,8.582,
02EA020,2,2015/06/02,8.569,
02EA020,2,2015/06/03,8.556,
02EA020,2,2015/06/04,8.547,
02EA020,2,2015/06/05,8.548,
02EA020,2,2015/06/06,8.541,
02EA020,2,2015/06/07,8.530,
02EA020,2,2015/06/08,8.544,
02EA020,2,2015/06/09,8.558,
02EA020,2,2015/06/10,8.559,
02EA020,2,2015/06/11,8.564,
02EA020,2,2015/06/12,8.579,
02EA020,2,2015/06/13,8.593,
02EA020,2,2015/06/14,8.599,
02EA020,2,2015/06/15,8.606,
02EA020,2,2015/06/16,8.610,
02EA020,2,2015/06/17,8.602,
02EA020,2,2015/06/18,8.595,
02EA020,2,2015/06/19,8.593,
02EA020,2,2015/06/20,8.583,
02EA020,2,2015/06/21,8.579,
02EA020,2,2015/06/22,8.572,
02EA020,2,2015/06/23,8.572,
02EA020,2,2015/06/24,8.566,
02EA020,2,2015/06/25,8.563,
02EA020,2,2015/06/26,8.559,
02EA020,2,2015/06/27,8.553,
02EA020,2,2015/06/28,8.552,
02EA020,2,2015/06/29,8.548,
02EA020,2,2015/06/30,8.544,
02EA020,2,2015/07/01,8.567,
02EA020,2,2015/07/02,8.567,
02EA020,2,2015/07/03,8.560,
02EA020,2,2015/07/04,8.555,
02EA020,2,2015/07/05,8.551,
02EA020,2,2015/07/06,8.545,
02EA020,2,2015/07/07,8.547,
02EA020,2,2015/07/08,8.552,
02EA020,2,2015/07/09,8.546,
02EA020,2,2015/07/10,8.539,
02EA020,2,2015/07/11,8.532,
02EA020,2,2015/07/12,8.528,
02EA020,2,2015/07/13,8.522,
02EA020,2,2015/07/14,8.521,
02EA020,2,2015/07/15,8.508,
02EA020,2,2015/07/16,8.496,
02EA020,2,2015/07/17,8.493,
02EA020,2,2015/07/18,8.497,
02EA020,2,2015/07/19,8.495,
02EA020,2,2015/07/20,8.490,
02EA020,2,2015/07/21,8.486,
02EA020,2,2015/07/22,8.481,
02EA020,2,2015/07/23,8.477,
02EA020,2,2015/07/24,8.472,
02EA020,2,2015/07/25,8.472,
02EA020,2,2015/07/26,8.473,
02EA020,2,2015/07/27,8.470,
02EA020,2,2015/07/28,8.469,
02EA020,2,2015/07/29,8.465,
02EA020,2,2015/07/30,8.459,
02EA020,2,2015/07/31,8.453,
02EA020,2,2015/08/01,8.448,
02EA020,2,2015/08/02,8.445,
02EA020,2,2015/08/03,8.449,
02EA020,2,2015/08/04,8.446,
02EA020,2,2015/08/05,8.446,
02EA020,2,2015/08/06,8.442,
02EA020,2,2015/08/07,8.440,
02EA020,2,2015/08/08,8.438,
02EA020,2,2015/08/09,8.434,
02EA020,2,2015/08/10,8.430,
02EA020,2,2015/08/11,8.429,
02EA020,2,2015/08/12,8.425,
02EA020,2,2015/08/13,8.417,
02EA020,2,2015/08/14,8.430,
02EA020,2,2015/08/15,8.442,
02EA020,2,2015/08/16,8.438,
02EA020,2,2015/08/17,8.437,
02EA020,2,2015/08/18,8.438,
02EA020,2,2015/08/19,8.436,
02EA020,2,2015/08/20,8.434,
02EA020,2,2015/08/21,8.439,
02EA020,2,2015/08/22,8.436,
02EA020,2,2015/08/23,8.432,
02EA020,2,2015/08/24,8.426,
02EA020,2,2015/08/25,8.426,
02EA020,2,2015/08/26,8.425,
02EA020,2,2015/08/27,8.421,
02EA020,2,2015/08/28,8.416,
02EA020,2,2015/08/29,8.412,
02EA020,2,2015/08/30,8.410,
02EA020,2,2015/08/31,8.408,
02EA020,2,2015/09/01,8.407,
02EA020,2,2015/09/02,8.406,
02EA020,2,2015/09/03,8.407,
02EA020,2,2015/09/04,8.404,
02EA020,2,2015/09/05,8.399,
02EA020,2,2015/09/06,8.396,
02EA020,2,2015/09/07,8.395,
02EA020,2,2015/09/08,8.396,
02EA020,2,2015/09/09,8.396,
02EA020,2,2015/09/10,8.392,
02EA020,2,2015/09/11,8.389,
02EA020,2,2015/09/12,8.384,
02EA020,2,2015/09/13,8.374,
02EA020,2,2015/09/14,8.367,
02EA020,2,2015/09/15,8.365,
02EA020,2,2015/09/16,8.363,
02EA020,2,2015/09/17,8.360,
02EA020,2,2015/09/18,8.361,
02EA020,2,2015/09/19,8.366,
02EA020,2,2015/09/20,8.365,
02EA020,2,2015/09/21,8.362,
02EA020,2,2015/09/22,8.358,
02EA020,2,2015/09/23,8.356,
02EA020,2,2015/09/24,8.355,
02EA020,2,2015/09/25,8.350,
02EA020,2,2015/09/26,8.344,
02EA020,2,2015/09/27,8.339,
02EA020,2,2015/09/28,8.336,
02EA020,2,2015/09/29,8.352,
02EA020,2,2015/09/30,8.354,
02EA020,2,2015/10/01,8.345,
02EA020,2,2015/10/02,8.339,
02EA020,2,2015/10/03,8.327,
02EA020,2,2015/10/04,8.318,
02EA020,2,2015/10/05,8.319,
02EA020,2,2015/10/06,8.317,
02EA020,2,2015/10/07,8.317,
02EA020,2,2015/10/08,8.315,
02EA020,2,2015/10/09,8.327,
02EA020,2,2015/10/10,8.323,
02EA020,2,2015/10/11,8.321,
02EA020,2,2015/10/12,8.321,
02EA020,2,2015/10/13,8.322,
02EA020,2,2015/10/14,8.323,
02EA020,2,2015/10/15,8.327,
02EA020,2,2015/10/16,8.331,
02EA020,2,2015/10/17,8.332,
02EA020,2,2015/10/18,8.330,
02EA020,2,2015/10/19,8.323,
02EA020,2,2015/10/20,8.326,
02EA020,2,2015/10/21,8.325,
02EA020,2,2015/10/22,8.328,
02EA020,2,2015/10/23,8.328,
02EA020,2,2015/10/24,8.326,
02EA020,2,2015/10/25,8.333,
02EA020,2,2015/10/26,8.332,
02EA020,2,2015/10/27,8.333,
02EA020,2,2015/10/28,8.340,
02EA020,2,2015/10/29,8.354,
02EA020,2,2015/10/30,8.362,
02EA020,2,2015/10/31,8.363,
02EA020,2,2015/11/01,8.374,
02EA020,2,2015/11/02,8.381,
02EA020,2,2015/11/03,8.383,
02EA020,2,2015/11/04,8.385,
02EA020,2,2015/11/05,8.386,
02EA020,2,2015/11/06,8.395,
02EA020,2,2015/11/07,8.405,
02EA020,2,2015/11/08,8.405,
02EA020,2,2015/11/09,8.406,
02EA020,2,2015/11/10,8.407,
02EA020,2,2015/11/11,8.413,
02EA020,2,2015/11/12,8.418,
02EA020,2,2015/11/13,8.421,
02EA020,2,2015/11/14,8.408,
02EA020,2,2015/11/15,8.404,
02EA020,2,2015/11/16,8.400,
02EA020,2,2015/11/17,8.392,
02EA020,2,2015/11/18,8.384,
02EA020,2,2015/11/19,8.394,
02EA020,2,2015/11/20,8.384,
02EA020,2,2015/11/21,8.372,
02EA020,2,2015/11/22,8.376,
02EA020,2,2015/11/23,8.368,
02EA020,2,2015/11/24,8.366,
02EA020,2,2015/11/25,8.357,
02EA020,2,2015/11/26,8.354,
02EA020,2,2015/11/27,8.405,
02EA020,2,2015/11/28,8.418,
02EA020,2,2015/11/29,8.418,
02EA020,2,2015/11/30,8.412,
02EA020,2,2015/12/01,8.407,
02EA020,2,2015/12/02,8.403,
02EA020,2,2015/12/03,8.396,
02EA020,2,2015/12/04,8.389,
02EA020,2,2015/12/05,8.382,
02EA020,2,2015/12/06,8.374,
02EA020,2,2015/12/07,8.368,
02EA020,2,2015/12/08,8.360,
02EA020,2,2015/12/09,8.353,
02EA020,2,2015/12/10,8.350,
02EA020,2,2015/12/11,8.350,
02EA020,2,2015/12/12,8.350,
02EA020,2,2015/12/13,8.347,
02EA020,2,2015/12/14,8.354,
02EA020,2,2015/12/15,8.368,
02EA020,2,2015/12/16,8.365,
02EA020,2,2015/12/17,8.363,
02EA020,2,2015/12/18,8.359,
02EA020,2,2015/12/19,8.351,
02EA020,2,2015/12/20,8.344,
02EA020,2,2015/12/21,8.342,
02EA020,2,2015/12/22,8.343,
02EA020,2,2015/12/23,8.340,
02EA020,2,2015/12/24,8.334,
02EA020,2,2015/12/25,8.332,
02EA020,2,2015/12/26,8.327,
02EA020,2,2015/12/27,8.327,
02EA020,2,2015/12/28,8.311,
02EA020,2,2015/12/29,8.333,
02EA020,2,2015/12/30,8.325,
02EA020,2,2015/12/31,8.324,
02EA020,2,2016/01/01,8.321,
02EA020,2,2016/01/02,8.315,
02EA020,2,2016/01/03,8.311,
02EA020,2,2016/01/04,8.301,
02EA020,2,2016/01/05,8.294,
02EA020,2,2016/01/06,8.287,
02EA020,2,2016/01/07,8.280,
02EA020,2,2016/01/08,8.281,
02EA020,2,2016/01/09,8.285,
02EA020,2,2016/01/10,8.300,
02EA020,2,2016/01/11,8.312,
02EA020,2,2016/01/12,8.314,
02EA020,2,2016/01/13,8.315,
02EA020,2,2016/01/14,8.315,
02EA020,2,2016/01/15,8.312,
02EA020,2,2016/01/16,8.322,
02EA020,2,2016/01/17,8.320,
02EA020,2,2016/01/18,8.316,
02EA020,2,2016/01/19,8.311,
02EA020,2,2016/01/20,8.307,
02EA020,2,2016/01/21,8.301,
02EA020,2,2016/01/22,8.297,
02EA020,2,2016/01/23,8.291,
02EA020,2,2016/01/24,8.287,
02EA020,2,2016/01/25,8.284,
02EA020,2,2016/01/26,8.285,
02EA020,2,2016/01/27,8.285,
02EA020,2,2016/01/28,8.282,
02EA020,2,2016/01/29,8.280,
02EA020,2,2016/01/30,8.275,
02EA020,2,2016/01/31,8.273,
02EA020,2,2016/02/01,8.280,
02EA020,2,2016/02/02,8.278,
02EA020,2,2016/02/03,8.296,
02EA020,2,2016/02/04,8.300,
02EA020,2,2016/02/05,8.298,
02EA020,2,2016/02/06,8.297,
02EA020,2,2016/02/07,8.296,
02EA020,2,2016/02/08,8.295,
02EA020,2,2016/02/09,8.293,
02EA020,2,2016/02/10,8.291,
02EA020,2,2016/02/11,8.287,
02EA020,2,2016/02/12,8.285,
02EA020,2,2016/02/13,8.280,
02EA020,2,2016/02/14,8.275,
02EA020,2,2016/02/15,8.271,
02EA020,2,2016/02/16,8.268,
02EA020,2,2016/02/17,8.264,
02EA020,2,2016/02/18,8.259,
02EA020,2,2016/02/19,8.255,
02EA020,2,2016/02/20,8.266,
02EA020,2,2016/02/21,8.267,
02EA020,2,2016/02/22,8.263,
02EA020,2,2016/02/23,8.260,
02EA020,2,2016/02/24,8.258,
02EA020,2,2016/02/25,8.270,
02EA020,2,2016/02/26,8.267,
02EA020,2,2016/02/27,8.263,
02EA020,2,2016/02/28,8.266,
02EA020,2,2016/02/29,8.265,
02EA020,2,2016/03/01,8.265,
02EA020,2,2016/03/02,8.266,
02EA020,2,2016/03/03,8.256,
02EA020,2,2016/03/04,8.250,
02EA020,2,2016/03/05,8.244,
02EA020,2,2016/03/06,8.239,
02EA020,2,2016/03/07,8.235,
02EA020,2,2016/03/08,8.230,
02EA020,2,2016/03/09,8.236,
02EA020,2,2016/03/10,8.246,
02EA020,2,2016/03/11,8.250,
02EA020,2,2016/03/12,8.253,
02EA020,2,2016/03/13,8.258,
02EA020,2,2016/03/14,8.266,
02EA020,2,2016/03/15,8.281,
02EA020,2,2016/03/16,8.298,
02EA020,2,2016/03/17,8.335,
02EA020,2,2016/03/18,8.365,
02EA020,2,2016/03/19,8.376,
02EA020,2,2016/03/20,8.383,
02EA020,2,2016/03/21,8.387,
02EA020,2,2016/03/22,8.392,
02EA020,2,2016/03/23,8.398,
02EA020,2,2016/03/24,8.406,
02EA020,2,2016/03/25,8.422,
02EA020,2,2016/03/26,8.423,
02EA020,2,2016/03/27,8.424,
02EA020,2,2016/03/28,8.441,
02EA020,2,2016/03/29,8.452,
02EA020,2,2016/03/30,8.457,
02EA020,2,2016/03/31,8.498,
02EA020,2,2016/04/01,8.568,
02EA020,2,2016/04/02,8.597,
02EA020,2,2016/04/03,8.604,
02EA020,2,2016/04/04,8.602,
02EA020,2,2016/04/05,8.595,
02EA020,2,2016/04/06,8.594,
02EA020,2,2016/04/07,8.610,
02EA020,2,2016/04/08,8.607,
02EA020,2,2016/04/09,8.598,
02EA020,2,2016/04/10,8.589,
02EA020,2,2016/04/11,8.586,
02EA020,2,2016/04/12,8.577,
02EA020,2,2016/04/13,8.567,
02EA020,2,2016/04/14,8.558,
02EA020,2,2016/04/15,8.552,
02EA020,2,2016/04/16,8.549,
02EA020,2,2016/04/17,8.551,
02EA020,2,2016/04/18,8.558,
02EA020,2,2016/04/19,8.567,
02EA020,2,2016/04/20,8.573,
02EA020,2,2016/04/21,8.578,
02EA020,2,2016/04/22,8.597,
02EA020,2,2016/04/23,8.607,
02EA020,2,2016/04/24,8.606,
02EA020,2,2016/04/25,8.602,
02EA020,2,2016/04/26,8.596,
02EA020,2,2016/04/27,8.585,
02EA020,2,2016/04/28,8.576,
02EA020,2,2016/04/29,8.568,
02EA020,2,2016/04/30,8.560,
02EA020,2,2016/05/01,8.552,
02EA020,2,2016/05/02,8.543,
02EA020,2,2016/05/03,8.535,
02EA020,2,2016/05/04,8.543,
02EA020,2,2016/05/05,8.549,
02EA020,2,2016/05/06,8.545,
02EA020,2,2016/05/07,8.544,
02EA020,2,2016/05/08,8.544,
02EA020,2,2016/05/09,8.539,
02EA020,2,2016/05/10,8.535,
02EA020,2,2016/05/11,8.535,
02EA020,2,2016/05/12,8.540,
02EA020,2,2016/05/13,8.549,
02EA020,2,2016/05/14,8.575,
02EA020,2,2016/05/15,8.601,
02EA020,2,2016/05/16,8.609,
02EA020,2,2016/05/17,8.617,
02EA020,2,2016/05/18,8.620,
02EA020,2,2016/05/19,8.623,
02EA020,2,2016/05/20,8.625,
02EA020,2,2016/05/21,8.628,
02EA020,2,2016/05/22,8.629,
02EA020,2,2016/05/23,8.625,
02EA020,2,2016/05/24,8.622,
02EA020,2,2016/05/25,8.624,
02EA020,2,2016/05/26,8.625,
02EA020,2,2016/05/27,8.630,
02EA020,2,2016/05/28,8.625,
02EA020,2,2016/05/29,8.623,
02EA020,2,2016/05/30,8.608,
02EA020,2,2016/05/31,8.597,
02EA020,2,2016/06/01,8.594,
02EA020,2,2016/06/02,8.596,
02EA020,2,2016/06/03,8.594,
02EA020,2,2016/06/04,8.592,
02EA020,2,2016/06/05,8.602,
02EA020,2,2016/06/06,8.603,
02EA020,2,2016/06/07,8.608,
02EA020,2,2016/06/08,8.611,
02EA020,2,2016/06/09,8.605,
02EA020,2,2016/06/10,8.601,
02EA020,2,2016/06/11,8.599,
02EA020,2,2016/06/12,8.599,
02EA020,2,2016/06/13,8.593,
02EA020,2,2016/06/14,8.589,
02EA020,2,2016/06/15,8.587,
02EA020,2,2016/06/16,8.586,
02EA020,2,2016/06/17,8.583,
02EA020,2,2016/06/18,8.578,
02EA020,2,2016/06/19,8.575,
02EA020,2,2016/06/20,8.571,
02EA020,2,2016/06/21,8.570,
02EA020,2,2016/06/22,8.566,
02EA020,2,2016/06/23,8.563,
02EA020,2,2016/06/24,8.559,
02EA020,2,2016/06/25,8.556,
02EA020,2,2016/06/26,8.556,
02EA020,2,2016/06/27,8.558,
02EA020,2,2016/06/28,8.558,
02EA020,2,2016/06/29,8.551,
02EA020,2,2016/06/30,8.543,
02EA020,2,2016/07/01,8.547,
02EA020,2,2016/07/02,8.550,
02EA020,2,2016/07/03,8.547,
02EA020,2,2016/07/04,8.544,
02EA020,2,2016/07/05,8.540,
02EA020,2,2016/07/06,8.541,
02EA020,2,2016/07/07,8.548,
02EA020,2,2016/07/08,8.560,
02EA020,2,2016/07/09,8.611,
02EA020,2,2016/07/10,8.617,
02EA020,2,2016/07/11,8.558,
02EA020,2,2016/07/12,8.508,
02EA020,2,2016/07/13,8.490,
02EA020,2,2016/07/14,8.518,
02EA020,2,2016/07/15,8.541,
02EA020,2,2016/07/16,8.536,
02EA020,2,2016/07/17,8.526,
02EA020,2,2016/07/18,8.527,
02EA020,2,2016/07/19,8.531,
02EA020,2,2016/07/20,8.527,
02EA020,2,2016/07/21,8.526,
02EA020,2,2016/07/22,8.527,
02EA020,2,2016/07/23,8.526,
02EA020,2,2016/07/24,8.521,
02EA020,2,2016/07/25,8.516,
02EA020,2,2016/07/26,8.513,
02EA020,2,2016/07/27,8.509,
02EA020,2,2016/07/28,8.508,
02EA020,2,2016/07/29,8.501,
02EA020,2,2016/07/30,8.493,
02EA020,2,2016/07/31,8.488,
02EA020,2,2016/08/01,8.484,
02EA020,2,2016/08/02,8.480,
02EA020,2,2016/08/03,8.475,
02EA020,2,2016/08/04,8.470,
02EA020,2,2016/08/05,8.465,
02EA020,2,2016/08/06,8.463,
02EA020,2,2016/08/07,8.465,
02EA020,2,2016/08/08,8.460,
02EA020,2,2016/08/09,8.453,
02EA020,2,2016/08/10,8.449,
02EA020,2,2016/08/11,8.446,
02EA020,2,2016/08/12,8.452,
02EA020,2,2016/08/13,8.471,
02EA020,2,2016/08/14,8.491,
02EA020,2,2016/08/15,8.488,
02EA020,2,2016/08/16,8.503,
02EA020,2,2016/08/17,8.517,
02EA020,2,2016/08/18,8.519,
02EA020,2,2016/08/19,8.518,
02EA020,2,2016/08/20,8.516,
02EA020,2,2016/08/21,8.524,
02EA020,2,2016/08/22,8.523,
02EA020,2,2016/08/23,8.516,
02EA020,2,2016/08/24,8.513,
02EA020,2,2016/08/25,8.512,
02EA020,2,2016/08/26,8.509,
02EA020,2,2016/08/27,8.507,
02EA020,2,2016/08/28,8.504,
02EA020,2,2016/08/29,8.503,
02EA020,2,2016/08/30,8.502,
02EA020,2,2016/08/31,8.504,
02EA020,2,2016/09/01,8.498,
02EA020,2,2016/09/02,8.492,
02EA020,2,2016/09/03,8.486,
02EA020,2,2016/09/04,8.482,
02EA020,2,2016/09/05,8.479,
02EA020,2,2016/09/06,8.476,
02EA020,2,2016/09/07,8.483,
02EA020,2,2016/09/08,8.528,
02EA020,2,2016/09/09,8.542,
02EA020,2,2016/09/10,8.544,
02EA020,2,2016/09/11,8.550,
02EA020,2,2016/09/12,8.545,
02EA020,2,2016/09/13,8.540,
02EA020,2,2016/09/14,8.540,
02EA020,2,2016/09/15,8.534,
02EA020,2,2016/09/16,8.529,
02EA020,2,2016/09/17,8.553,
02EA020,2,2016/09/18,8.587,
02EA020,2,2016/09/19,8.590,
02EA020,2,2016/09/20,8.580,
02EA020,2,2016/09/21,8.569,
02EA020,2,2016/09/22,8.569,
02EA020,2,2016/09/23,8.572,
02EA020,2,2016/09/24,8.556,
02EA020,2,2016/09/25,8.547,
02EA020,2,2016/09/26,8.538,
02EA020,2,2016/09/27,8.542,
02EA020,2,2016/09/28,8.538,
02EA020,2,2016/09/29,8.532,
02EA020,2,2016/09/30,8.508,
02EA020,2,2016/10/01,8.486,
02EA020,2,2016/10/02,8.487,
02EA020,2,2016/10/03,8.482,
02EA020,2,2016/10/04,8.474,
02EA020,2,2016/10/05,8.464,
02EA020,2,2016/10/06,8.455,
02EA020,2,2016/10/07,8.447,
02EA020,2,2016/10/08,8.437,
02EA020,2,2016/10/09,8.426,
02EA020,2,2016/10/10,8.413,
02EA020,2,2016/10/11,8.402,
02EA020,2,2016/10/12,8.392,
02EA020,2,2016/10/13,8.396,
02EA020,2,2016/10/14,8.387,
02EA020,2,2016/10/15,8.375,
02EA020,2,2016/10/16,8.372,
02EA020,2,2016/10/17,8.371,
02EA020,2,2016/10/18,8.373,
02EA020,2,2016/10/19,8.373,
02EA020,2,2016/10/20,8.367,
02EA020,2,2016/10/21,8.360,
02EA020,2,2016/10/22,8.346,
02EA020,2,2016/10/23,8.334,
02EA020,2,2016/10/24,8.327,
02EA020,2,2016/10/25,8.323,
02EA020,2,2016/10/26,8.320,
02EA020,2,2016/10/27,8.315,
02EA020,2,2016/10/28,8.310,
02EA020,2,2016/10/29,8.311,
02EA020,2,2016/10/30,8.308,
02EA020,2,2016/10/31,8.302,
02EA020,2,2016/11/01,8.303,
02EA020,2,2016/11/02,8.310,
02EA020,2,2016/11/03,8.309,
02EA020,2,2016/11/04,8.305,
02EA020,2,2016/11/05,8.301,
02EA020,2,2016/11/06,8.299,
02EA020,2,2016/11/07,8.295,
02EA020,2,2016/11/08,8.302,
02EA020,2,2016/11/09,8.310,
02EA020,2,2016/11/10,8.305,
02EA020,2,2016/11/11,8.307,
02EA020,2,2016/11/12,8.300,
02EA020,2,2016/11/13,8.300,
02EA020,2,2016/11/14,8.300,
02EA020,2,2016/11/15,8.300,
02EA020,2,2016/11/16,8.302,
02EA020,2,2016/11/17,8.302,
02EA020,2,2016/11/18,8.302,
02EA020,2,2016/11/19,8.304,
02EA020,2,2016/11/20,8.311,
02EA020,2,2016/11/21,8.311,
02EA020,2,2016/11/22,8.313,
02EA020,2,2016/11/23,8.313,
02EA020,2,2016/11/24,8.317,
02EA020,2,2016/11/25,8.319,
02EA020,2,2016/11/26,8.319,
02EA020,2,2016/11/27,8.320,
02EA020,2,2016/11/28,8.320,
02EA020,2,2016/11/29,8.326,
02EA020,2,2016/11/30,8.336,
02EA020,2,2016/12/01,8.352,
02EA020,2,2016/12/02,8.365,
02EA020,2,2016/12/03,8.373,
02EA020,2,2016/12/04,8.377,
02EA020,2,2016/12/05,8.385,
02EA020,2,2016/12/06,8.389,
02EA020,2,2016/12/07,8.386,
02EA020,2,2016/12/08,8.390,
02EA020,2,2016/12/09,8.395,
02EA020,2,2016/12/10,8.394,
02EA020,2,2016/12/11,8.394,
02EA020,2,2016/12/12,8.399,
02EA020,2,2016/12/13,8.399,
02EA020,2,2016/12/14,8.402,
02EA020,2,2016/12/15,8.403,
02EA020,2,2016/12/16,8.402,
02EA020,2,2016/12/17,8.406,
02EA020,2,2016/12/18,8.408,
02EA020,2,2016/12/19,8.407,
02EA020,2,2016/12/20,8.406,
02EA020,2,2016/12/21,8.406,
02EA020,2,2016/12/22,8.408,
02EA020,2,2016/12/23,8.407,
02EA020,2,2016/12/24,8.406,
02EA020,2,2016/12/25,8.406,
02EA020,2,2016/12/26,8.409,
02EA020,2,2016/12/27,8.416,
02EA020,2,2016/12/28,8.405,
02EA020,2,2016/12/29,8.394,
02EA020,2,2016/12/30,8.391,
02EA020,2,2016/12/31,8.390,
02EA020,2,2017/01/01,8.389,
02EA020,2,2017/01/02,8.383,
02EA020,2,2017/01/03,8.383,
02EA020,2,2017/01/04,8.384,
02EA020,2,2017/01/05,8.381,
02EA020,2,2017/01/06,8.375,
02EA020,2,2017/01/07,8.369,
02EA020,2,2017/01/08,8.364,
02EA020,2,2017/01/09,8.360,
02EA020,2,2017/01/10,8.360,
02EA020,2,2017/01/11,8.377,
02EA020,2,2017/01/12,8.384,
02EA020,2,2017/01/13,8.382,
02EA020,2,2017/01/14,8.378,
02EA020,2,2017/01/15,8.373,
02EA020,2,2017/01/16,8.369,
02EA020,2,2017/01/17,8.368,
02EA020,2,2017/01/18,8.367,
02EA020,2,2017/01/19,8.365,
02EA020,2,2017/01/20,8.362,
02EA020,2,2017/01/21,8.359,
02EA020,2,2017/01/22,8.357,
02EA020,2,2017/01/23,8.355,
02EA020,2,2017/01/24,8.351,
02EA020,2,2017/01/25,8.350,
02EA020,2,2017/01/26,8.348,
02EA020,2,2017/01/27,8.346,
02EA020,2,2017/01/28,8.345,
02EA020,2,2017/01/29,8.344,
02EA020,2,2017/01/30,8.339,
02EA020,2,2017/01/31,8.335,
02EA020,2,2017/02/01,8.332,
02EA020,2,2017/02/02,8.329,
02EA020,2,2017/02/03,8.324,
02EA020,2,2017/02/04,8.320,
02EA020,2,2017/02/05,8.322,
02EA020,2,2017/02/06,8.322,
02EA020,2,2017/02/07,8.323,
02EA020,2,2017/02/08,8.326,
02EA020,2,2017/02/09,8.322,
02EA020,2,2017/02/10,8.320,
02EA020,2,2017/02/11,8.323,
02EA020,2,2017/02/12,8.322,
02EA020,2,2017/02/13,8.322,
02EA020,2,2017/02/14,8.320,
02EA020,2,2017/02/15,8.319,
02EA020,2,2017/02/16,8.314,
02EA020,2,2017/02/17,8.291,
02EA020,2,2017/02/18,8.272,
02EA020,2,2017/02/19,8.274,
02EA020,2,2017/02/20,8.273,
02EA020,2,2017/02/21,8.270,
02EA020,2,2017/02/22,8.269,
02EA020,2,2017/02/23,8.283,
02EA020,2,2017/02/24,8.306,
02EA020,2,2017/02/25,8.380,
02EA020,2,2017/02/26,8.408,
02EA020,2,2017/02/27,8.435,
02EA020,2,2017/02/28,8.448,
02EA020,2,2017/03/01,8.469,
02EA020,2,2017/03/02,8.483,
02EA020,2,2017/03/03,8.487,
02EA020,2,2017/03/04,8.487,
02EA020,2,2017/03/05,8.485,
02EA020,2,2017/03/06,8.482,
02EA020,2,2017/03/07,8.487,
02EA020,2,2017/03/08,8.493,
02EA020,2,2017/03/09,8.492,
02EA020,2,2017/03/10,8.490,
02EA020,2,2017/03/11,8.485,
02EA020,2,2017/03/12,8.479,
02EA020,2,2017/03/13,8.473,
02EA020,2,2017/03/14,8.465,
02EA020,2,2017/03/15,8.455,
02EA020,2,2017/03/16,8.447,
02EA020,2,2017/03/17,8.439,
02EA020,2,2017/03/18,8.432,
02EA020,2,2017/03/19,8.425,
02EA020,2,2017/03/20,8.419,
02EA020,2,2017/03/21,8.414,
02EA020,2,2017/03/22,8.409,
02EA020,2,2017/03/23,8.403,
02EA020,2,2017/03/24,8.405,
02EA020,2,2017/03/25,8.410,
02EA020,2,2017/03/26,8.406,
02EA020,2,2017/03/27,8.412,
02EA020,2,2017/03/28,8.415,
02EA020,2,2017/03/29,8.418,
02EA020,2,2017/03/30,8.419,
02EA020,2,2017/03/31,8.421,
02EA020,2,2017/04/01,8.421,
02EA020,2,2017/04/02,8.423,
02EA020,2,2017/04/03,8.427,
02EA020,2,2017/04/04,8.456,
02EA020,2,2017/04/05,8.481,
02EA020,2,2017/04/06,8.519,
02EA020,2,2017/04/07,8.550,
02EA020,2,2017/04/08,8.557,
02EA020,2,2017/04/09,8.562,
02EA020,2,2017/04/10,8.577,
02EA020,2,2017/04/11,8.612,
02EA020,2,2017/04/12,8.633,
02EA020,2,2017/04/13,8.644,
02EA020,2,2017/04/14,8.646,
02EA020,2,2017/04/15,8.652,
02EA020,2,2017/04/16,8.685,
02EA020,2,2017/04/17,8.713,
02EA020,2,2017/04/18,8.719,
02EA020,2,2017/04/19,8.718,
02EA020,2,2017/04/20,8.719,
02EA020,2,2017/04/21,8.723,
02EA020,2,2017/04/22,8.723,
02EA020,2,2017/04/23,8.717,
02EA020,2,2017/04/24,8.709,
02EA020,2,2017/04/25,8.699,
02EA020,2,2017/04/26,8.694,
02EA020,2,2017/04/27,8.691,
02EA020,2,2017/04/28,8.702,
02EA020,2,2017/04/29,8.697,
02EA020,2,2017/04/30,8.698,
02EA020,2,2017/05/01,8.734,
02EA020,2,2017/05/02,8.757,
02EA020,2,2017/05/03,8.767,
02EA020,2,2017/05/04,8.762,
02EA020,2,2017/05/05,8.761,
02EA020,2,2017/05/06,8.771,
02EA020,2,2017/05/07,8.786,
02EA020,2,2017/05/08,8.787,
02EA020,2,2017/05/09,8.782,
02EA020,2,2017/05/10,8.772,
02EA020,2,2017/05/11,8.760,
02EA020,2,2017/05/12,8.748,
02EA020,2,2017/05/13,8.736,
02EA020,2,2017/05/14,8.723,
02EA020,2,2017/05/15,8.710,
02EA020,2,2017/05/16,8.696,
02EA020,2,2017/05/17,8.682,
02EA020,2,2017/05/18,8.672,
02EA020,2,2017/05/19,8.666,
02EA020,2,2017/05/20,8.650,
02EA020,2,2017/05/21,8.639,
02EA020,2,2017/05/22,8.636,
02EA020,2,2017/05/23,8.626,
02EA020,2,2017/05/24,8.617,
02EA020,2,2017/05/25,8.615,
02EA020,2,2017/05/26,8.607,
02EA020,2,2017/05/27,8.597,
02EA020,2,2017/05/28,8.585,
02EA020,2,2017/05/29,8.581,
02EA020,2,2017/05/30,8.574,
02EA020,2,2017/05/31,8.569,
02EA020,2,2017/06/01,8.576,
02EA020,2,2017/06/02,8.583,
02EA020,2,2017/06/03,8.582,
02EA020,2,2017/06/04,8.586,
02EA020,2,2017/06/05,8.596,
02EA020,2,2017/06/06,8.600,
02EA020,2,2017/06/07,8.595,
02EA020,2,2017/06/08,8.592,
02EA020,2,2017/06/09,8.592,
02EA020,2,2017/06/10,8.588,
02EA020,2,2017/06/11,8.584,
02EA020,2,2017/06/12,8.587,
02EA020,2,2017/06/13,8.588,
02EA020,2,2017/06/14,8.581,
02EA020,2,2017/06/15,8.574,
02EA020,2,2017/06/16,8.570,
02EA020,2,2017/06/17,8.567,
02EA020,2,2017/06/18,8.589,
02EA020,2,2017/06/19,8.604,
02EA020,2,2017/06/20,8.608,
02EA020,2,2017/06/21,8.611,
02EA020,2,2017/06/22,8.608,
02EA020,2,2017/06/23,8.612,
02EA020,2,2017/06/24,8.581,
02EA020,2,2017/06/25,8.584,
02EA020,2,2017/06/26,8.595,
02EA020,2,2017/06/27,8.611,
02EA020,2,2017/06/28,8.618,
02EA020,2,2017/06/29,8.639,
02EA020,2,2017/06/30,8.649,
02EA020,2,2017/07/01,8.660,
02EA020,2,2017/07/02,8.665,
02EA020,2,2017/07/03,8.667,
02EA020,2,2017/07/04,8.659,
02EA020,2,2017/07/05,8.646,
02EA020,2,2017/07/06,8.634,
02EA020,2,2017/07/07,8.626,
02EA020,2,2017/07/08,8.613,
02EA020,2,2017/07/09,8.598,
02EA020,2,2017/07/10,8.586,
02EA020,2,2017/07/11,8.570,
02EA020,2,2017/07/12,8.549,
02EA020,2,2017/07/13,8.535,
02EA020,2,2017/07/14,8.523,
02EA020,2,2017/07/15,8.516,
02EA020,2,2017/07/16,8.509,
02EA020,2,2017/07/17,8.523,
02EA020,2,2017/07/18,8.552,
02EA020,2,2017/07/19,8.548,
02EA020,2,2017/07/20,8.545,
02EA020,2,2017/07/21,8.540,
02EA020,2,2017/07/22,8.538,
02EA020,2,2017/07/23,8.534,
02EA020,2,2017/07/24,8.592,
02EA020,2,2017/07/25,8.631,
02EA020,2,2017/07/26,8.636,
02EA020,2,2017/07/27,8.620,
02EA020,2,2017/07/28,8.594,
02EA020,2,2017/07/29,8.583,
02EA020,2,2017/07/30,8.572,
02EA020,2,2017/07/31,8.566,
02EA020,2,2017/08/01,8.556,
02EA020,2,2017/08/02,8.546,
02EA020,2,2017/08/03,8.544,
02EA020,2,2017/08/04,8.551,
02EA020,2,2017/08/05,8.575,
02EA020,2,2017/08/06,8.575,
02EA020,2,2017/08/07,8.574,
02EA020,2,2017/08/08,8.573,
02EA020,2,2017/08/09,8.569,
02EA020,2,2017/08/10,8.566,
02EA020,2,2017/08/11,8.565,
02EA020,2,2017/08/12,8.571,
02EA020,2,2017/08/13,8.565,
02EA020,2,2017/08/14,8.556,
02EA020,2,2017/08/15,8.557,
02EA020,2,2017/08/16,8.551,
02EA020,2,2017/08/17,8.547,
02EA020,2,2017/08/18,8.562,
02EA020,2,2017/08/19,8.571,
02EA020,2,2017/08/20,8.574,
02EA020,2,2017/08/21,8.565,
02EA020,2,2017/08/22,8.643,
02EA020,2,2017/08/23,8.696,
02EA020,2,2017/08/24,8.699,
02EA020,2,2017/08/25,8.689,
02EA020,2,2017/08/26,8.679,
02EA020,2,2017/08/27,8.668,
02EA020,2,2017/08/28,8.656,
02EA020,2,2017/08/29,8.644,
02EA020,2,2017/08/30,8.632,
02EA020,2,2017/08/31,8.624,
02EA020,2,2017/09/01,8.608,
02EA020,2,2017/09/02,8.594,
02EA020,2,2017/09/03,8.591,
02EA020,2,2017/09/04,8.602,
02EA020,2,2017/09/05,8.625,
02EA020,2,2017/09/06,8.625,
02EA020,2,2017/09/07,8.624,
02EA020,2,2017/09/08,8.619,
02EA020,2,2017/09/09,8.609,
02EA020,2,2017/09/10,8.599,
02EA020,2,2017/09/11,8.588,
02EA020,2,2017/09/12,8.578,
02EA020,2,2017/09/13,8.569,
02EA020,2,2017/09/14,8.560,
02EA020,2,2017/09/15,8.551,
02EA020,2,2017/09/16,8.541,
02EA020,2,2017/09/17,8.531,
02EA020,2,2017/09/18,8.528,
02EA020,2,2017/09/19,8.526,
02EA020,2,2017/09/20,8.517,
02EA020,2,2017/09/21,8.509,
02EA020,2,2017/09/22,8.501,
02EA020,2,2017/09/23,8.493,
02EA020,2,2017/09/24,8.485,
02EA020,2,2017/09/25,8.477,
02EA020,2,2017/09/26,8.469,
02EA020,2,2017/09/27,8.457,
02EA020,2,2017/09/28,8.448,
02EA020,2,2017/09/29,8.453,
02EA020,2,2017/09/30,8.459,
02EA020,2,2017/10/01,8.451,
02EA020,2,2017/10/02,8.443,
02EA020,2,2017/10/03,8.435,
02EA020,2,2017/10/04,8.434,
02EA020,2,2017/10/05,8.432,
02EA020,2,2017/10/06,8.425,
02EA020,2,2017/10/07,8.421,
02EA020,2,2017/10/08,8.439,
02EA020,2,2017/10/09,8.442,
02EA020,2,2017/10/10,8.437,
02EA020,2,2017/10/11,8.434,
02EA020,2,2017/10/12,8.416,
02EA020,2,2017/10/13,8.403,
02EA020,2,2017/10/14,8.400,
02EA020,2,2017/10/15,8.427,
02EA020,2,2017/10/16,8.456,
02EA020,2,2017/10/17,8.454,
02EA020,2,2017/10/18,8.453,
02EA020,2,2017/10/19,8.446,
02EA020,2,2017/10/20,8.440,
02EA020,2,2017/10/21,8.435,
02EA020,2,2017/10/22,8.429,
02EA020,2,2017/10/23,8.425,
02EA020,2,2017/10/24,8.430,
02EA020,2,2017/10/25,8.428,
02EA020,2,2017/10/26,8.426,
02EA020,2,2017/10/27,8.420,
02EA020,2,2017/10/28,8.424,
02EA020,2,2017/10/29,8.428,
02EA020,2,2017/10/30,8.421,
02EA020,2,2017/10/31,8.435,
02EA020,2,2017/11/01,8.439,
02EA020,2,2017/11/02,8.443,
02EA020,2,2017/11/03,8.451,
02EA020,2,2017/11/04,8.452,
02EA020,2,2017/11/05,8.452,
02EA020,2,2017/11/06,8.455,
02EA020,2,2017/11/07,8.450,
02EA020,2,2017/11/08,8.445,
02EA020,2,2017/11/09,8.441,
02EA020,2,2017/11/10,8.438,
02EA020,2,2017/11/11,8.435,
02EA020,2,2017/11/12,8.428,
02EA020,2,2017/11/13,8.421,
02EA020,2,2017/11/14,8.416,
02EA020,2,2017/11/15,8.410,
02EA020,2,2017/11/16,8.420,
02EA020,2,2017/11/17,8.420,
02EA020,2,2017/11/18,8.422,
02EA020,2,2017/11/19,8.430,
02EA020,2,2017/11/20,8.426,
02EA020,2,2017/11/21,8.421,
02EA020,2,2017/11/22,8.418,
02EA020,2,2017/11/23,8.413,
02EA020,2,2017/11/24,8.411,
02EA020,2,2017/11/25,8.415,
02EA020,2,2017/11/26,8.415,
02EA020,2,2017/11/27,8.413,
02EA020,2,2017/11/28,8.407,
02EA020,2,2017/11/29,8.411,
02EA020,2,2017/11/30,8.410,
02EA020,2,2017/12/01,8.410,
02EA020,2,2017/12/02,8.406,
02EA020,2,2017/12/03,8.402,
02EA020,2,2017/12/04,8.399,
02EA020,2,2017/12/05,8.404,
02EA020,2,2017/12/06,8.410,
02EA020,2,2017/12/07,8.413,
02EA020,2,2017/12/08,8.417,
02EA020,2,2017/12/09,8.422,
02EA020,2,2017/12/10,8.423,
02EA020,2,2017/12/11,8.419,
02EA020,2,2017/12/12,8.419,
02EA020,2,2017/12/13,8.414,
02EA020,2,2017/12/14,8.407,
02EA020,2,2017/12/15,8.402,
02EA020,2,2017/12/16,8.399,
02EA020,2,2017/12/17,8.393,
02EA020,2,2017/12/18,8.390,
02EA020,2,2017/12/19,8.393,
02EA020,2,2017/12/20,8.390,
02EA020,2,2017/12/21,8.385,
02EA020,2,2017/12/22,8.381,
02EA020,2,2017/12/23,8.375,
02EA020,2,2017/12/24,8.371,
02EA020,2,2017/12/25,8.369,
02EA020,2,2017/12/26,8.364,
02EA020,2,2017/12/27,8.359,
02EA020,2,2017/12/28,8.353,
02EA020,2,2017/12/29,8.348,
02EA020,2,2017/12/30,8.343,
02EA020,2,2017/12/31,8.337,
02EA020,2,2018/01/01,8.333,
02EA020,2,2018/01/02,8.329,
02EA020,2,2018/01/03,8.330,
02EA020,2,2018/01/04,8.324,
02EA020,2,2018/01/05,8.317,
02EA020,2,2018/01/06,8.311,
02EA020,2,2018/01/07,8.305,
02EA020,2,2018/01/08,8.306,
02EA020,2,2018/01/09,8.303,
02EA020,2,2018/01/10,8.298,
02EA020,2,2018/01/11,8.303,
02EA020,2,2018/01/12,8.340,
02EA020,2,2018/01/13,8.349,
02EA020,2,2018/01/14,8.348,
02EA020,2,2018/01/15,8.348,
02EA020,2,2018/01/16,8.347,
02EA020,2,2018/01/17,8.347,
02EA020,2,2018/01/18,8.346,
02EA020,2,2018/01/19,8.343,
02EA020,2,2018/01/20,8.340,
02EA020,2,2018/01/21,8.336,
02EA020,2,2018/01/22,8.337,
02EA020,2,2018/01/23,8.354,
02EA020,2,2018/01/24,8.356,
02EA020,2,2018/01/25,8.352,
02EA020,2,2018/01/26,8.349,
02EA020,2,2018/01/27,8.345,
02EA020,2,2018/01/28,8.341,
02EA020,2,2018/01/29,8.337,
02EA020,2,2018/01/30,8.330,
02EA020,2,2018/01/31,8.328,
02EA020,2,2018/02/01,8.330,
02EA020,2,2018/02/02,8.326,
02EA020,2,2018/02/03,8.322,
02EA020,2,2018/02/04,8.325,
02EA020,2,2018/02/05,8.321,
02EA020,2,2018/02/06,8.318,
02EA020,2,2018/02/07,8.313,
02EA020,2,2018/02/08,8.309,
02EA020,2,2018/02/09,8.304,
02EA020,2,2018/02/10,8.299,
02EA020,2,2018/02/11,8.298,
02EA020,2,2018/02/12,8.298,
02EA020,2,2018/02/13,8.292,
02EA020,2,2018/02/14,8.288,
02EA020,2,2018/02/15,8.284,
02EA020,2,2018/02/16,8.279,
02EA020,2,2018/02/17,8.274,
02EA020,2,2018/02/18,8.270,
02EA020,2,2018/02/19,8.266,
02EA020,2,2018/02/20,8.289,
02EA020,2,2018/02/21,8.325,
02EA020,2,2018/02/22,8.335,
02EA020,2,2018/02/23,8.342,
02EA020,2,2018/02/24,8.348,
02EA020,2,2018/02/25,8.353,
02EA020,2,2018/02/26,8.356,
02EA020,2,2018/02/27,8.355,
02EA020,2,2018/02/28,8.355,
02EA020,2,2018/03/01,8.355,
02EA020,2,2018/03/02,8.351,
02EA020,2,2018/03/03,8.348,
02EA020,2,2018/03/04,8.343,
02EA020,2,2018/03/05,8.339,
02EA020,2,2018/03/06,8.335,
02EA020,2,2018/03/07,8.332,
02EA020,2,2018/03/08,8.330,
02EA020,2,2018/03/09,8.328,
02EA020,2,2018/03/10,8.326,
02EA020,2,2018/03/11,8.321,
02EA020,2,2018/03/12,8.316,
02EA020,2,2018/03/13,8.313,
02EA020,2,2018/03/14,8.310,
02EA020,2,2018/03/15,8.305,
02EA020,2,2018/03/16,8.299,
02EA020,2,2018/03/17,8.294,
02EA020,2,2018/03/18,8.289,
02EA020,2,2018/03/19,8.283,
02EA020,2,2018/03/20,8.277,
02EA020,2,2018/03/21,8.272,
02EA020,2,2018/03/22,8.266,
02EA020,2,2018/03/23,8.260,
02EA020,2,2018/03/24,8.254,
02EA020,2,2018/03/25,8.248,
02EA020,2,2018/03/26,8.243,
02EA020,2,2018/03/27,8.241,
02EA020,2,2018/03/28,8.242,
02EA020,2,2018/03/29,8.240,
02EA020,2,2018/03/30,8.237,
02EA020,2,2018/03/31,8.238,
02EA020,2,2018/04/01,8.244,
02EA020,2,2018/04/02,8.242,
02EA020,2,2018/04/03,8.242,
02EA020,2,2018/04/04,8.250,
02EA020,2,2018/04/05,8.251,
02EA020,2,2018/04/06,8.250,
02EA020,2,2018/04/07,8.254,
02EA020,2,2018/04/08,8.250,
02EA020,2,2018/04/09,8.245,
02EA020,2,2018/04/10,8.240,
02EA020,2,2018/04/11,8.236,
02EA020,2,2018/04/12,8.238,
02EA020,2,2018/04/13,8.242,
02EA020,2,2018/04/14,8.240,
02EA020,2,2018/04/15,8.240,
02EA020,2,2018/04/16,8.255,
02EA020,2,2018/04/17,8.254,
02EA020,2,2018/04/18,8.250,
02EA020,2,2018/04/19,8.245,
02EA020,2,2018/04/20,8.241,
02EA020,2,2018/04/21,8.239,
02EA020,2,2018/04/22,8.241,
02EA020,2,2018/04/23,8.248,
02EA020,2,2018/04/24,8.259,
02EA020,2,2018/04/25,8.289,
02EA020,2,2018/04/26,8.328,
02EA020,2,2018/04/27,8.369,
02EA020,2,2018/04/28,8.410,
02EA020,2,2018/04/29,8.430,
02EA020,2,2018/04/30,8.444,
02EA020,2,2018/05/01,8.460,
02EA020,2,2018/05/02,8.483,
02EA020,2,2018/05/03,8.509,
02EA020,2,2018/05/04,8.492,
02EA020,2,2018/05/05,8.553,
02EA020,2,2018/05/06,8.577,
02EA020,2,2018/05/07,8.593,
02EA020,2,2018/05/08,8.601,
02EA020,2,2018/05/09,8.607,
02EA020,2,2018/05/10,8.622,
02EA020,2,2018/05/11,8.631,
02EA020,2,2018/05/12,8.635,
02EA020,2,2018/05/13,8.636,
02EA020,2,2018/05/14,8.637,
02EA020,2,2018/05/15,8.641,
02EA020,2,2018/05/16,8.639,
02EA020,2,2018/05/17,8.641,
02EA020,2,2018/05/18,8.637,
02EA020,2,2018/05/19,8.639,
02EA020,2,2018/05/20,8.658,
02EA020,2,2018/05/21,8.659,
02EA020,2,2018/05/22,8.622,
02EA020,2,2018/05/23,8.575,
02EA020,2,2018/05/24,8.597,
02EA020,2,2018/05/25,8.633,
02EA020,2,2018/05/26,8.643,
02EA020,2,2018/05/27,8.641,
02EA020,2,2018/05/28,8.640,
02EA020,2,2018/05/29,8.640,
02EA020,2,2018/05/30,8.633,
02EA020,2,2018/05/31,8.626,
02EA020,2,2018/06/01,8.628,
02EA020,2,2018/06/02,8.622,
02EA020,2,2018/06/03,8.608,
02EA020,2,2018/06/04,8.606,
02EA020,2,2018/06/05,8.604,
02EA020,2,2018/06/06,8.599,
02EA020,2,2018/06/07,8.594,
02EA020,2,2018/06/08,8.591,
02EA020,2,2018/06/09,8.586,
02EA020,2,2018/06/10,8.580,
02EA020,2,2018/06/11,8.570,
02EA020,2,2018/06/12,8.566,
02EA020,2,2018/06/13,8.577,
02EA020,2,2018/06/14,8.587,
02EA020,2,2018/06/15,8.584,
02EA020,2,2018/06/16,8.581,
02EA020,2,2018/06/17,8.578,
02EA020,2,2018/06/18,8.580,
02EA020,2,2018/06/19,8.582,
02EA020,2,2018/06/20,8.577,
02EA020,2,2018/06/21,8.574,
02EA020,2,2018/06/22,8.564,
02EA020,2,2018/06/23,8.560,
02EA020,2,2018/06/24,8.558,
02EA020,2,2018/06/25,8.551,
02EA020,2,2018/06/26,8.543,
02EA020,2,2018/06/27,8.540,
02EA020,2,2018/06/28,8.537,
02EA020,2,2018/06/29,8.535,
02EA020,2,2018/06/30,8.552,
02EA020,2,2018/07/01,8.556,
02EA020,2,2018/07/02,8.553,
02EA020,2,2018/07/03,8.553,
02EA020,2,2018/07/04,8.550,
02EA020,2,2018/07/05,8.543,
02EA020,2,2018/07/06,8.539,
02EA020,2,2018/07/07,8.526,
02EA020,2,2018/07/08,8.517,
02EA020,2,2018/07/09,8.512,
02EA020,2,2018/07/10,8.511,
02EA020,2,2018/07/11,8.504,
02EA020,2,2018/07/12,8.499,
02EA020,2,2018/07/13,8.493,
02EA020,2,2018/07/14,8.502,
02EA020,2,2018/07/15,8.501,
02EA020,2,2018/07/16,8.505,
02EA020,2,2018/07/17,8.511,
02EA020,2,2018/07/18,8.504,
02EA020,2,2018/07/19,8.496,
02EA020,2,2018/07/20,8.493,
02EA020,2,2018/07/21,8.488,
02EA020,2,2018/07/22,8.486,
02EA020,2,2018/07/23,8.480,
02EA020,2,2018/07/24,8.480,
02EA020,2,2018/07/25,8.483,
02EA020,2,2018/07/26,8.479,
02EA020,2,2018/07/27,8.479,
02EA020,2,2018/07/28,8.478,
02EA020,2,2018/07/29,8.474,
02EA020,2,2018/07/30,8.471,
02EA020,2,2018/07/31,8.469,
02EA020,2,2018/08/01,8.499,
02EA020,2,2018/08/02,8.513,
02EA020,2,2018/08/03,8.515,
02EA020,2,2018/08/04,8.518,
02EA020,2,2018/08/05,8.516,
02EA020,2,2018/08/06,8.519,
02EA020,2,2018/08/07,8.517,
02EA020,2,2018/08/08,8.515,
02EA020,2,2018/08/09,8.516,
02EA020,2,2018/08/10,8.517,
02EA020,2,2018/08/11,8.514,
02EA020,2,2018/08/12,8.512,
02EA020,2,2018/08/13,8.511,
02EA020,2,2018/08/14,8.507,
02EA020,2,2018/08/15,8.505,
02EA020,2,2018/08/16,8.502,
02EA020,2,2018/08/17,8.523,
02EA020,2,2018/08/18,8.527,
02EA020,2,2018/08/19,8.521,
02EA020,2,2018/08/20,8.518,
02EA020,2,2018/08/21,8.536,
02EA020,2,2018/08/22,8.581,
02EA020,2,2018/08/23,8.570,
02EA020,2,2018/08/24,8.566,
02EA020,2,2018/08/25,8.529,
02EA020,2,2018/08/26,8.500,
02EA020,2,2018/08/27,8.489,
02EA020,2,2018/08/28,8.487,
02EA020,2,2018/08/29,8.494,
02EA020,2,2018/08/30,8.486,
02EA020,2,2018/08/31,8.496,
02EA020,2,2018/09/01,8.516,
02EA020,2,2018/09/02,8.541,
02EA020,2,2018/09/03,8.558,
02EA020,2,2018/09/04,8.531,
02EA020,2,2018/09/05,8.501,
02EA020,2,2018/09/06,8.499,
02EA020,2,2018/09/07,8.513,
02EA020,2,2018/09/08,8.531,
02EA020,2,2018/09/09,8.516,
02EA020,2,2018/09/10,8.507,
02EA020,2,2018/09/11,8.504,
02EA020,2,2018/09/12,8.498,
02EA020,2,2018/09/13,8.492,
02EA020,2,2018/09/14,8.484,
02EA020,2,2018/09/15,8.480,
02EA020,2,2018/09/16,8.473,
02EA020,2,2018/09/17,8.465,
02EA020,2,2018/09/18,8.460,
02EA020,2,2018/09/19,8.449,
02EA020,2,2018/09/20,8.462,
02EA020,2,2018/09/21,8.462,
02EA020,2,2018/09/22,8.462,
02EA020,2,2018/09/23,8.455,
02EA020,2,2018/09/24,8.443,
02EA020,2,2018/09/25,8.443,
02EA020,2,2018/09/26,8.463,
02EA020,2,2018/09/27,8.460,
02EA020,2,2018/09/28,8.457,
02EA020,2,2018/09/29,8.455,
02EA020,2,2018/09/30,8.446,
02EA020,2,2018/10/01,8.436,
02EA020,2,2018/10/02,8.426,
02EA020,2,2018/10/03,8.415,
02EA020,2,2018/10/04,8.438,
02EA020,2,2018/10/05,8.441,
02EA020,2,2018/10/06,8.434,
02EA020,2,2018/10/07,8.433,
02EA020,2,2018/10/08,8.433,
02EA020,2,2018/10/09,8.438,
02EA020,2,2018/10/10,8.455,
02EA020,2,2018/10/11,8.459,
02EA020,2,2018/10/12,8.450,
02EA020,2,2018/10/13,8.435,
02EA020,2,2018/10/14,8.423,
02EA020,2,2018/10/15,8.417,
02EA020,2,2018/10/16,8.411,
02EA020,2,2018/10/17,8.401,
02EA020,2,2018/10/18,8.384,
02EA020,2,2018/10/19,8.370,
02EA020,2,2018/10/20,8.375,
02EA020,2,2018/10/21,8.367,
02EA020,2,2018/10/22,8.358,
02EA020,2,2018/10/23,8.351,
02EA020,2,2018/10/24,8.346,
02EA020,2,2018/10/25,8.337,
02EA020,2,2018/10/26,8.331,
02EA020,2,2018/10/27,8.323,
02EA020,2,2018/10/28,8.318,
02EA020,2,2018/10/29,8.314,
02EA020,2,2018/10/30,8.308,
02EA020,2,2018/10/31,8.316,
02EA020,2,2018/11/01,8.317,
02EA020,2,2018/11/02,8.316,
02EA020,2,2018/11/03,8.309,
02EA020,2,2018/11/04,8.304,
02EA020,2,2018/11/05,8.299,
02EA020,2,2018/11/06,8.305,
02EA020,2,2018/11/07,8.325,
02EA020,2,2018/11/08,8.333,
02EA020,2,2018/11/09,8.333,
02EA020,2,2018/11/10,8.340,
02EA020,2,2018/11/11,8.341,
02EA020,2,2018/11/12,8.340,
02EA020,2,2018/11/13,8.336,
02EA020,2,2018/11/14,8.328,
02EA020,2,2018/11/15,8.321,
02EA020,2,2018/11/16,8.325,
02EA020,2,2018/11/17,8.322,
02EA020,2,2018/11/18,8.315,
02EA020,2,2018/11/19,8.311,
02EA020,2,2018/11/20,8.306,
02EA020,2,2018/11/21,8.303,
02EA020,2,2018/11/22,8.294,
02EA020,2,2018/11/23,8.285,
02EA020,2,2018/11/24,8.279,
02EA020,2,2018/11/25,8.279,
02EA020,2,2018/11/26,8.283,
02EA020,2,2018/11/27,8.293,
02EA020,2,2018/11/28,8.290,
02EA020,2,2018/11/29,8.286,
02EA020,2,2018/11/30,8.281,
02EA020,2,2018/12/01,8.276,
02EA020,2,2018/12/02,8.284,
02EA020,2,2018/12/03,8.294,
02EA020,2,2018/12/04,8.288,
02EA020,2,2018/12/05,8.286,
02EA020,2,2018/12/06,8.288,
02EA020,2,2018/12/07,8.283,
02EA020,2,2018/12/08,8.278,
02EA020,2,2018/12/09,8.272,
02EA020,2,2018/12/10,8.267,
02EA020,2,2018/12/11,8.263,
02EA020,2,2018/12/12,8.259,
02EA020,2,2018/12/13,8.253,
02EA020,2,2018/12/14,8.247,
02EA020,2,2018/12/15,8.243,
02EA020,2,2018/12/16,8.237,
02EA020,2,2018/12/17,8.230,
02EA020,2,2018/12/18,8.224,
02EA020,2,2018/12/19,8.218,
02EA020,2,2018/12/20,8.213,
02EA020,2,2018/12/21,8.229,
02EA020,2,2018/12/22,8.232,
02EA020,2,2018/12/23,8.231,
02EA020,2,2018/12/24,8.232,
02EA020,2,2018/12/25,8.229,
02EA020,2,2018/12/26,8.225,
02EA020,2,2018/12/27,8.221,
02EA020,2,2018/12/28,8.232,
02EA020,2,2018/12/29,8.233,
02EA020,2,2018/12/30,8.231,
02EA020,2,2018/12/31,8.229,
02EA020,2,2019/01/01,8.246,
02EA020,2,2019/01/02,8.241,
02EA020,2,2019/01/03,8.239,
02EA020,2,2019/01/04,8.239,
02EA020,2,2019/01/05,8.234,
02EA020,2,2019/01/06,8.229,
02EA020,2,2019/01/07,8.224,
02EA020,2,2019/01/08,8.230,
02EA020,2,2019/01/09,8.228,
02EA020,2,2019/01/10,8.224,
02EA020,2,2019/01/11,8.218,
02EA020,2,2019/01/12,8.212,
02EA020,2,2019/01/13,8.207,
02EA020,2,2019/01/14,8.201,
02EA020,2,2019/01/15,8.197,
02EA020,2,2019/01/16,8.196,
02EA020,2,2019/01/17,8.190,
02EA020,2,2019/01/18,8.185,
02EA020,2,2019/01/19,8.180,
02EA020,2,2019/01/20,8.171,
02EA020,2,2019/01/21,8.165,
02EA020,2,2019/01/22,8.160,
02EA020,2,2019/01/23,8.165,
02EA020,2,2019/01/24,8.168,
02EA020,2,2019/01/25,8.166,
02EA020,2,2019/01/26,8.161,
02EA020,2,2019/01/27,8.156,
02EA020,2,2019/01/28,8.153,
02EA020,2,2019/01/29,8.155,
02EA020,2,2019/01/30,8.152,
02EA020,2,2019/01/31,8.147,
02EA020,2,2019/02/01,8.142,
02EA020,2,2019/02/02,8.141,
02EA020,2,2019/02/03,8.142,
02EA020,2,2019/02/04,8.145,
02EA020,2,2019/02/05,8.156,
02EA020,2,2019/02/06,8.156,
02EA020,2,2019/02/07,8.155,
02EA020,2,2019/02/08,8.159,
02EA020,2,2019/02/09,8.169,
02EA020,2,2019/02/10,8.151,
02EA020,2,2019/02/11,8.148,
02EA020,2,2019/02/12,8.149,
02EA020,2,2019/02/13,8.164,
02EA020,2,2019/02/14,8.158,
02EA020,2,2019/02/15,8.163,
02EA020,2,2019/02/16,8.162,
02EA020,2,2019/02/17,8.158,
02EA020,2,2019/02/18,8.153,
02EA020,2,2019/02/19,8.147,
02EA020,2,2019/02/20,8.143,
02EA020,2,2019/02/21,8.143,
02EA020,2,2019/02/22,8.139,
02EA020,2,2019/02/23,8.134,
02EA020,2,2019/02/24,8.142,
02EA020,2,2019/02/25,8.151,
02EA020,2,2019/02/26,8.149,
02EA020,2,2019/02/27,8.146,
02EA020,2,2019/02/28,8.144,
02EA020,2,2019/03/01,8.140,
02EA020,2,2019/03/02,8.139,
02EA020,2,2019/03/03,8.138,
02EA020,2,2019/03/04,8.134,
02EA020,2,2019/03/05,8.130,
02EA020,2,2019/03/06,8.125,
02EA020,2,2019/03/07,8.120,
02EA020,2,2019/03/08,8.115,
02EA020,2,2019/03/09,8.112,
02EA020,2,2019/03/10,8.118,
02EA020,2,2019/03/11,8.125,
02EA020,2,2019/03/12,8.124,
02EA020,2,2019/03/13,8.122,
02EA020,2,2019/03/14,8.123,
02EA020,2,2019/03/15,8.155,
02EA020,2,2019/03/16,8.162,
02EA020,2,2019/03/17,8.167,
02EA020,2,2019/03/18,8.170,
02EA020,2,2019/03/19,8.171,
02EA020,2,2019/03/20,8.171,
02EA020,2,2019/03/21,8.172,
02EA020,2,2019/03/22,8.173,
02EA020,2,2019/03/23,8.170,
02EA020,2,2019/03/24,8.170,
02EA020,2,2019/03/25,8.167,
02EA020,2,2019/03/26,8.165,
02EA020,2,2019/03/27,8.162,
02EA020,2,2019/03/28,8.159,
02EA020,2,2019/03/29,8.158,
02EA020,2,2019/03/30,8.163,
02EA020,2,2019/03/31,8.169,
02EA020,2,2019/04/01,8.166,
02EA020,2,2019/04/02,8.167,
02EA020,2,2019/04/03,8.172,
02EA020,2,2019/04/04,8.171,
02EA020,2,2019/04/05,8.167,
02EA020,2,2019/04/06,8.167,
02EA020,2,2019/04/07,8.169,
02EA020,2,2019/04/08,8.185,
02EA020,2,2019/04/09,8.221,
02EA020,2,2019/04/10,8.246,
02EA020,2,2019/04/11,8.260,
02EA020,2,2019/04/12,8.274,
02EA020,2,2019/04/13,8.290,
02EA020,2,2019/04/14,8.305,
02EA020,2,2019/04/15,8.327,
02EA020,2,2019/04/16,8.337,
02EA020,2,2019/04/17,8.348,
02EA020,2,2019/04/18,8.391,
02EA020,2,2019/04/19,8.478,
02EA020,2,2019/04/20,8.535,
02EA020,2,2019/04/21,8.627,
02EA020,2,2019/04/22,8.684,
02EA020,2,2019/04/23,8.724,
02EA020,2,2019/04/24,8.760,
02EA020,2,2019/04/25,8.777,
02EA020,2,2019/04/26,8.799,
02EA020,2,2019/04/27,8.833,
02EA020,2,2019/04/28,8.842,
02EA020,2,2019/04/29,8.839,
02EA020,2,2019/04/30,8.829,
02EA020,2,2019/05/01,8.834,
02EA020,2,2019/05/02,8.847,
02EA020,2,2019/05/03,8.850,
02EA020,2,2019/05/04,8.848,
02EA020,2,2019/05/05,8.840,
02EA020,2,2019/05/06,8.829,
02EA020,2,2019/05/07,8.818,
02EA020,2,2019/05/08,8.805,
02EA020,2,2019/05/09,8.802,
02EA020,2,2019/05/10,8.801,
02EA020,2,2019/05/11,8.794,
02EA020,2,2019/05/12,8.782,
02EA020,2,2019/05/13,8.774,
02EA020,2,2019/05/14,8.765,
02EA020,2,2019/05/15,8.752,
02EA020,2,2019/05/16,8.738,
02EA020,2,2019/05/17,8.729,
02EA020,2,2019/05/18,8.715,
02EA020,2,2019/05/19,8.710,
02EA020,2,2019/05/20,8.715,
02EA020,2,2019/05/21,8.709,
02EA020,2,2019/05/22,8.697,
02EA020,2,2019/05/23,8.693,
02EA020,2,2019/05/24,8.692,
02EA020,2,2019/05/25,8.684,
02EA020,2,2019/05/26,8.681,
02EA020,2,2019/05/27,8.672,
02EA020,2,2019/05/28,8.663,
02EA020,2,2019/05/29,8.654,
02EA020,2,2019/05/30,8.641,
02EA020,2,2019/05/31,8.630,
02EA020,2,2019/06/01,8.616,
02EA020,2,2019/06/02,8.599,
02EA020,2,2019/06/03,8.583,
02EA020,2,2019/06/04,8.571,
02EA020,2,2019/06/05,8.565,
02EA020,2,2019/06/06,8.557,
02EA020,2,2019/06/07,8.549,
02EA020,2,2019/06/08,8.536,
02EA020,2,2019/06/09,8.522,
02EA020,2,2019/06/10,8.525,
02EA020,2,2019/06/11,8.546,
02EA020,2,2019/06/12,8.546,
02EA020,2,2019/06/13,8.550,
02EA020,2,2019/06/14,8.553,
02EA020,2,2019/06/15,8.565,
02EA020,2,2019/06/16,8.579,
02EA020,2,2019/06/17,8.579,
02EA020,2,2019/06/18,8.575,
02EA020,2,2019/06/19,8.577,
02EA020,2,2019/06/20,8.586,
02EA020,2,2019/06/21,8.582,
02EA020,2,2019/06/22,8.578,
02EA020,2,2019/06/23,8.573,
02EA020,2,2019/06/24,8.570,
02EA020,2,2019/06/25,8.572,
02EA020,2,2019/06/26,8.572,
02EA020,2,2019/06/27,8.572,
02EA020,2,2019/06/28,8.571,
02EA020,2,2019/06/29,8.569,
02EA020,2,2019/06/30,8.568,
02EA020,2,2019/07/01,8.560,
02EA020,2,2019/07/02,8.557,
02EA020,2,2019/07/03,8.554,
02EA020,2,2019/07/04,8.550,
02EA020,2,2019/07/05,8.545,
02EA020,2,2019/07/06,8.547,
02EA020,2,2019/07/07,8.536,
02EA020,2,2019/07/08,8.526,
02EA020,2,2019/07/09,8.519,
02EA020,2,2019/07/10,8.512,
02EA020,2,2019/07/11,8.515,
02EA020,2,2019/07/12,8.514,
02EA020,2,2019/07/13,8.505,
02EA020,2,2019/07/14,8.501,
02EA020,2,2019/07/15,8.494,
02EA020,2,2019/07/16,8.491,
02EA020,2,2019/07/17,8.495,
02EA020,2,2019/07/18,8.487,
02EA020,2,2019/07/19,8.485,
02EA020,2,2019/07/20,8.483,
02EA020,2,2019/07/21,8.481,
02EA020,2,2019/07/22,8.476,
02EA020,2,2019/07/23,8.469,
02EA020,2,2019/07/24,8.461,
02EA020,2,2019/07/25,8.456,
02EA020,2,2019/07/26,8.450,
02EA020,2,2019/07/27,8.450,
02EA020,2,2019/07/28,8.466,
02EA020,2,2019/07/29,8.463,
02EA020,2,2019/07/30,8.462,
02EA020,2,2019/07/31,8.459,
02EA020,2,2019/08/01,8.454,
02EA020,2,2019/08/02,8.449,
02EA020,2,2019/08/03,8.447,
02EA020,2,2019/08/04,8.442,
02EA020,2,2019/08/05,8.435,
02EA020,2,2019/08/06,8.435,
02EA020,2,2019/08/07,8.435,
02EA020,2,2019/08/08,8.438,
02EA020,2,2019/08/09,8.437,
02EA020,2,2019/08/10,8.438,
02EA020,2,2019/08/11,8.433,
02EA020,2,2019/08/12,8.430,
02EA020,2,2019/08/13,8.429,
02EA020,2,2019/08/14,8.424,
02EA020,2,2019/08/15,8.418,
02EA020,2,2019/08/16,8.414,
02EA020,2,2019/08/17,8.413,
02EA020,2,2019/08/18,8.413,
02EA020,2,2019/08/19,8.407,
02EA020,2,2019/08/20,8.404,
02EA020,2,2019/08/21,8.401,
02EA020,2,2019/08/22,8.398,
02EA020,2,2019/08/23,8.392,
02EA020,2,2019/08/24,8.385,
02EA020,2,2019/08/25,8.382,
02EA020,2,2019/08/26,8.377,
02EA020,2,2019/08/27,8.375,
02EA020,2,2019/08/28,8.377,
02EA020,2,2019/08/29,8.373,
02EA020,2,2019/08/30,8.374,
02EA020,2,2019/08/31,8.371,
02EA020,2,2019/09/01,8.367,
02EA020,2,2019/09/02,8.364,
02EA020,2,2019/09/03,8.364,
02EA020,2,2019/09/04,8.388,
02EA020,2,2019/09/05,8.387,
02EA020,2,2019/09/06,8.388,
02EA020,2,2019/09/07,8.390,
02EA020,2,2019/09/08,8.391,
02EA020,2,2019/09/09,8.387,
02EA020,2,2019/09/10,8.385,
02EA020,2,2019/09/11,8.393,
02EA020,2,2019/09/12,8.393,
02EA020,2,2019/09/13,8.396,
02EA020,2,2019/09/14,8.427,
02EA020,2,2019/09/15,8.431,
02EA020,2,2019/09/16,8.433,
02EA020,2,2019/09/17,8.432,
02EA020,2,2019/09/18,8.432,
02EA020,2,2019/09/19,8.430,
02EA020,2,2019/09/20,8.430,
02EA020,2,2019/09/21,8.431,
02EA020,2,2019/09/22,8.436,
02EA020,2,2019/09/23,8.473,
02EA020,2,2019/09/24,8.480,
02EA020,2,2019/09/25,8.482,
02EA020,2,2019/09/26,8.490,
02EA020,2,2019/09/27,8.490,
02EA020,2,2019/09/28,8.498,
02EA020,2,2019/09/29,8.500,
02EA020,2,2019/09/30,8.499,
02EA020,2,2019/10/01,8.500,
02EA020,2,2019/10/02,8.491,
02EA020,2,2019/10/03,8.478,
02EA020,2,2019/10/04,8.468,
02EA020,2,2019/10/05,8.457,
02EA020,2,2019/10/06,8.445,
02EA020,2,2019/10/07,8.439,
02EA020,2,2019/10/08,8.434,
02EA020,2,2019/10/09,8.427,
02EA020,2,2019/10/10,8.420,
02EA020,2,2019/10/11,8.411,
02EA020,2,2019/10/12,8.404,
02EA020,2,2019/10/13,8.398,
02EA020,2,2019/10/14,8.397,
02EA020,2,2019/10/15,8.392,
02EA020,2,2019/10/16,8.407,
02EA020,2,2019/10/17,8.418,
02EA020,2,2019/10/18,8.414,
02EA020,2,2019/10/19,8.410,
02EA020,2,2019/10/20,8.405,
02EA020,2,2019/10/21,8.402,
02EA020,2,2019/10/22,8.413,
02EA020,2,2019/10/23,8.414,
02EA020,2,2019/10/24,8.417,
02EA020,2,2019/10/25,8.414,
02EA020,2,2019/10/26,8.409,
02EA020,2,2019/10/27,8.428,
02EA020,2,2019/10/28,8.437,
02EA020,2,2019/10/29,8.430,
02EA020,2,2019/10/30,8.423,
02EA020,2,2019/10/31,8.432,
02EA020,2,2019/11/01,8.441,
02EA020,2,2019/11/02,8.441,
02EA020,2,2019/11/03,8.448,
02EA020,2,2019/11/04,8.453,
02EA020,2,2019/11/05,8.470,
02EA020,2,2019/11/06,8.474,
02EA020,2,2019/11/07,8.477,
02EA020,2,2019/11/08,8.470,
02EA020,2,2019/11/09,8.463,
02EA020,2,2019/11/10,8.462,
02EA020,2,2019/11/11,8.454,
02EA020,2,2019/11/12,8.442,
02EA020,2,2019/11/13,8.432,
02EA020,2,2019/11/14,8.424,
02EA020,2,2019/11/15,8.420,
02EA020,2,2019/11/16,8.413,
02EA020,2,2019/11/17,8.403,
02EA020,2,2019/11/18,8.394,
02EA020,2,2019/11/19,8.387,
02EA020,2,2019/11/20,8.380,
02EA020,2,2019/11/21,8.375,
02EA020,2,2019/11/22,8.379,
02EA020,2,2019/11/23,8.374,
02EA020,2,2019/11/24,8.369,
02EA020,2,2019/11/25,8.364,
02EA020,2,2019/11/26,8.360,
02EA020,2,2019/11/27,8.371,
02EA020,2,2019/11/28,8.383,
02EA020,2,2019/11/29,8.379,
02EA020,2,2019/11/30,8.370,
02EA020,2,2019/12/01,8.378,
02EA020,2,2019/12/02,8.360,
02EA020,2,2019/12/03,8.350,
02EA020,2,2019/12/04,8.348,
02EA020,2,2019/12/05,8.343,
02EA020,2,2019/12/06,8.336,
02EA020,2,2019/12/07,8.328,
02EA020,2,2019/12/08,8.320,
02EA020,2,2019/12/09,8.322,
02EA020,2,2019/12/10,8.330,
02EA020,2,2019/12/11,8.325,
02EA020,2,2019/12/12,8.320,
02EA020,2,2019/12/13,8.315,
02EA020,2,2019/12/14,8.311,
02EA020,2,2019/12/15,8.309,
02EA020,2,2019/12/16,8.303,
02EA020,2,2019/12/17,8.297,
02EA020,2,2019/12/18,8.293,
02EA020,2,2019/12/19,8.286,
02EA020,2,2019/12/20,8.280,
02EA020,2,2019/12/21,8.273,
02EA020,2,2019/12/22,8.267,
02EA020,2,2019/12/23,8.261,
02EA020,2,2019/12/24,8.255,
02EA020,2,2019/12/25,8.249,
02EA020,2,2019/12/26,8.242,
02EA020,2,2019/12/27,8.238,
02EA020,2,2019/12/28,8.233,
02EA020,2,2019/12/29,8.227,
02EA020,2,2019/12/30,8.224,
02EA020,2,2019/12/31,8.224,
02EA020,2,2020/01/01,8.221,
02EA020,2,2020/01/02,8.217,A
02EA020,2,2020/01/03,8.211,A
02EA020,2,2020/01/04,8.206,A
02EA020,2,2020/01/05,8.200,A
02EA020,2,2020/01/06,8.200,
02EA020,2,2020/01/07,8.199,
02EA020,2,2020/01/08,8.200,
02EA020,2,2020/01/09,8.194,
02EA020,2,2020/01/10,8.190,
02EA020,2,2020/01/11,8.204,
02EA020,2,2020/01/12,8.231,A
02EA020,2,2020/01/13,8.220,
02EA020,2,2020/01/14,8.216,A
02EA020,2,2020/01/15,8.213,A
02EA020,2,2020/01/16,8.211,A
02EA020,2,2020/01/17,8.207,A
02EA020,2,2020/01/18,8.203,A
02EA020,2,2020/01/19,8.209,A
02EA020,2,2020/01/20,8.206,
02EA020,2,2020/01/21,8.200,
02EA020,2,2020/01/22,8.196,
02EA020,2,2020/01/23,8.191,
02EA020,2,2020/01/24,8.187,
02EA020,2,2020/01/25,8.187,
02EA020,2,2020/01/26,8.188,
02EA020,2,2020/01/27,8.185,
02EA020,2,2020/01/28,8.181,A
02EA020,2,2020/01/29,8.176,A
02EA020,2,2020/01/30,8.171,
02EA020,2,2020/01/31,8.167,
02EA020,2,2020/02/01,8.164,
02EA020,2,2020/02/02,8.161,
02EA020,2,2020/02/03,8.157,
02EA020,2,2020/02/04,8.152,
02EA020,2,2020/02/05,8.147,
02EA020,2,2020/02/06,8.143,
02EA020,2,2020/02/07,8.140,
02EA020,2,2020/02/08,8.139,
02EA020,2,2020/02/09,8.131,
02EA020,2,2020/02/10,8.134,
02EA020,2,2020/02/11,8.131,
02EA020,2,2020/02/12,8.127,
02EA020,2,2020/02/13,8.124,
02EA020,2,2020/02/14,8.121,
02EA020,2,2020/02/15,8.116,
02EA020,2,2020/02/16,8.115,
02EA020,2,2020/02/17,8.112,
02EA020,2,2020/02/18,8.112,
02EA020,2,2020/02/19,8.114,
02EA020,2,2020/02/20,8.110,
02EA020,2,2020/02/21,8.106,
02EA020,2,2020/02/22,8.102,
02EA020,2,2020/02/23,8.099,
02EA020,2,2020/02/24,8.097,
02EA020,2,2020/02/25,8.094,
02EA020,2,2020/02/26,8.090,
02EA020,2,2020/02/27,8.098,
02EA020,2,2020/02/28,8.101,
02EA020,2,2020/02/29,8.095,
02EA020,2,2020/03/01,8.093,
02EA020,2,2020/03/02,8.091,
02EA020,2,2020/03/03,8.089,
02EA020,2,2020/03/04,8.090,
02EA020,2,2020/03/05,8.088,
02EA020,2,2020/03/06,8.086,
02EA020,2,2020/03/07,8.088,
02EA020,2,2020/03/08,8.079,
02EA020,2,2020/03/09,8.079,
02EA020,2,2020/03/10,8.101,
02EA020,2,2020/03/11,8.107,
02EA020,2,2020/03/12,8.112,
02EA020,2,2020/03/13,8.121,
02EA020,2,2020/03/14,8.126,
02EA020,2,2020/03/15,8.127,
02EA020,2,2020/03/16,8.126,
02EA020,2,2020/03/17,8.127,
02EA020,2,2020/03/18,8.127,
02EA020,2,2020/03/19,8.127,
02EA020,2,2020/03/20,8.149,
02EA020,2,2020/03/21,8.157,
02EA020,2,2020/03/22,8.160,
02EA020,2,2020/03/23,8.161,
02EA020,2,2020/03/24,8.162,
02EA020,2,2020/03/25,8.162,
02EA020,2,2020/03/26,8.173,
02EA020,2,2020/03/27,8.183,
02EA020,2,2020/03/28,8.188,
02EA020,2,2020/03/29,8.211,
02EA020,2,2020/03/30,8.244,
02EA020,2,2020/03/31,8.271,
02EA020,2,2020/04/01,8.290,
02EA020,2,2020/04/02,8.304,
02EA020,2,2020/04/03,8.334,
02EA020,2,2020/04/04,8.375,
02EA020,2,2020/04/05,8.392,
02EA020,2,2020/04/06,8.409,
02EA020,2,2020/04/07,8.426,
02EA020,2,2020/04/08,8.438,
02EA020,2,2020/04/09,8.450,
02EA020,2,2020/04/10,8.464,
02EA020,2,2020/04/11,8.472,
02EA020,2,2020/04/12,8.480,
02EA020,2,2020/04/13,8.489,
02EA020,2,2020/04/14,8.498,
02EA020,2,2020/04/15,8.506,
02EA020,2,2020/04/16,8.511,
02EA020,2,2020/04/17,8.517,
02EA020,2,2020/04/18,8.519,
02EA020,2,2020/04/19,8.525,
02EA020,2,2020/04/20,8.531,
02EA020,2,2020/04/21,8.541,
02EA020,2,2020/04/22,8.548,
02EA020,2,2020/04/23,8.551,
02EA020,2,2020/04/24,8.554,
02EA020,2,2020/04/25,8.557,
02EA020,2,2020/04/26,8.562,
02EA020,2,2020/04/27,8.563,
02EA020,2,2020/04/28,8.565,
02EA020,2,2020/04/29,8.573,
02EA020,2,2020/04/30,8.593,
02EA020,2,2020/05/01,8.609,
02EA020,2,2020/05/02,8.615,
02EA020,2,2020/05/03,8.620,
02EA020,2,2020/05/04,8.625,
02EA020,2,2020/05/05,8.625,
02EA020,2,2020/05/06,8.624,
02EA020,2,2020/05/07,8.624,
02EA020,2,2020/05/08,8.626,
02EA020,2,2020/05/09,8.626,
02EA020,2,2020/05/10,8.627,
02EA020,2,2020/05/11,8.627,
02EA020,2,2020/05/12,8.626,
02EA020,2,2020/05/13,8.625,
02EA020,2,2020/05/14,8.624,
02EA020,2,2020/05/15,8.628,
02EA020,2,2020/05/16,8.633,
02EA020,2,2020/05/17,8.633,
02EA020,2,2020/05/18,8.635,
02EA020,2,2020/05/19,8.631,
02EA020,2,2020/05/20,8.628,
02EA020,2,2020/05/21,8.626,
02EA020,2,2020/05/22,8.626,
02EA020,2,2020/05/23,8.625,
02EA020,2,2020/05/24,8.624,
02EA020,2,2020/05/25,8.627,
02EA020,2,2020/05/26,8.624,
02EA020,2,2020/05/27,8.621,
02EA020,2,2020/05/28,8.622,
02EA020,2,2020/05/29,8.627,
02EA020,2,2020/05/30,8.632,
02EA020,2,2020/05/31,8.629,
02EA020,2,2020/06/01,8.625,
02EA020,2,2020/06/02,8.626,
02EA020,2,2020/06/03,8.629,
02EA020,2,2020/06/04,8.630,
02EA020,2,2020/06/05,8.627,
02EA020,2,2020/06/06,8.625,
02EA020,2,2020/06/07,8.621,
02EA020,2,2020/06/08,8.615,
02EA020,2,2020/06/09,8.612,
02EA020,2,2020/06/10,8.610,
02EA020,2,2020/06/11,8.614,
02EA020,2,2020/06/12,8.603,
02EA020,2,2020/06/13,8.592,
02EA020,2,2020/06/14,8.576,
02EA020,2,2020/06/15,8.572,
02EA020,2,2020/06/16,8.581,
02EA020,2,2020/06/17,8.578,
02EA020,2,2020/06/18,8.575,
02EA020,2,2020/06/19,8.572,
02EA020,2,2020/06/20,8.567,
02EA020,2,2020/06/21,8.563,
02EA020,2,2020/06/22,8.563,
02EA020,2,2020/06/23,8.566,
02EA020,2,2020/06/24,8.571,
02EA020,2,2020/06/25,8.575,
02EA020,2,2020/06/26,8.573,
02EA020,2,2020/06/27,8.571,
02EA020,2,2020/06/28,8.573,
02EA020,2,2020/06/29,8.570,
02EA020,2,2020/06/30,8.566,
02EA020,2,2020/07/01,8.562,
02EA020,2,2020/07/02,8.557,
02EA020,2,2020/07/03,8.554,
02EA020,2,2020/07/04,8.545,
02EA020,2,2020/07/05,8.543,
02EA020,2,2020/07/06,8.550,
02EA020,2,2020/07/07,8.543,
02EA020,2,2020/07/08,8.540,
02EA020,2,2020/07/09,8.535,
02EA020,2,2020/07/10,8.532,
02EA020,2,2020/07/11,8.535,
02EA020,2,2020/07/12,8.530,
02EA020,2,2020/07/13,8.523,
02EA020,2,2020/07/14,8.517,
02EA020,2,2020/07/15,8.512,
02EA020,2,2020/07/16,8.511,A
02EA020,2,2020/07/17,8.507,A
02EA020,2,2020/07/18,8.505,
02EA020,2,2020/07/19,8.526,
02EA020,2,2020/07/20,8.532,
02EA020,2,2020/07/21,8.534,
02EA020,2,2020/07/22,8.537,
02EA020,2,2020/07/23,8.541,
02EA020,2,2020/07/24,8.537,
02EA020,2,2020/07/25,8.531,
02EA020,2,2020/07/26,8.527,
02EA020,2,2020/07/27,8.539,
02EA020,2,2020/07/28,8.533,
02EA020,2,2020/07/29,8.531,
02EA020,2,2020/07/30,8.532,
02EA020,2,2020/07/31,8.532,
02EA020,2,2020/08/01,8.528,
02EA020,2,2020/08/02,8.541,A
02EA020,2,2020/08/03,8.572,A
02EA020,2,2020/08/04,8.573,A
02EA020,2,2020/08/05,8.566,A
02EA020,2,2020/08/06,8.565,
02EA020,2,2020/08/07,8.564,
02EA020,2,2020/08/08,8.561,
02EA020,2,2020/08/09,8.562,
02EA020,2,2020/08/10,8.566,
02EA020,2,2020/08/11,8.592,
02EA020,2,2020/08/12,8.586,
02EA020,2,2020/08/13,8.567,
02EA020,2,2020/08/14,8.555,
02EA020,2,2020/08/15,8.541,
02EA020,2,2020/08/16,8.532,
02EA020,2,2020/08/17,8.543,
02EA020,2,2020/08/18,8.552,
02EA020,2,2020/08/19,8.545,
02EA020,2,2020/08/20,8.539,
02EA020,2,2020/08/21,8.550,
02EA020,2,2020/08/22,8.546,
02EA020,2,2020/08/23,8.544,
02EA020,2,2020/08/24,8.540,
02EA020,2,2020/08/25,8.537,
02EA020,2,2020/08/26,8.528,
02EA020,2,2020/08/27,8.540,
02EA020,2,2020/08/28,8.541,
02EA020,2,2020/08/29,8.554,
02EA020,2,2020/08/30,8.560,
02EA020,2,2020/08/31,8.557,
02EA020,2,2020/09/01,8.554,
02EA020,2,2020/09/02,8.570,
02EA020,2,2020/09/03,8.573,
02EA020,2,2020/09/04,8.573,
02EA020,2,2020/09/05,8.570,
02EA020,2,2020/09/06,8.567,
02EA020,2,2020/09/07,8.569,
02EA020,2,2020/09/08,8.571,
02EA020,2,2020/09/09,8.570,
02EA020,2,2020/09/10,8.570,
02EA020,2,2020/09/11,8.550,
02EA020,2,2020/09/12,8.532,
02EA020,2,2020/09/13,8.543,
02EA020,2,2020/09/14,8.547,
02EA020,2,2020/09/15,8.536,
02EA020,2,2020/09/16,8.525,
02EA020,2,2020/09/17,8.518,
02EA020,2,2020/09/18,8.504,
02EA020,2,2020/09/19,8.489,
02EA020,2,2020/09/20,8.479,
02EA020,2,2020/09/21,8.477,
02EA020,2,2020/09/22,8.478,
02EA020,2,2020/09/23,8.474,
02EA020,2,2020/09/24,8.471,
02EA020,2,2020/09/25,8.467,
02EA020,2,2020/09/26,8.462,
02EA020,2,2020/09/27,8.457,
02EA020,2,2020/09/28,8.458,
02EA020,2,2020/09/29,8.467,
02EA020,2,2020/09/30,8.472,
02EA020,2,2020/10/01,8.468,
02EA020,2,2020/10/02,8.453,
02EA020,2,2020/10/03,8.442,
02EA020,2,2020/10/04,8.435,
02EA020,2,2020/10/05,8.426,
02EA020,2,2020/10/06,8.415,
02EA020,2,2020/10/07,8.417,
02EA020,2,2020/10/08,8.410,
02EA020,2,2020/10/09,8.401,
02EA020,2,2020/10/10,8.393,
02EA020,2,2020/10/11,8.385,
02EA020,2,2020/10/12,8.374,
02EA020,2,2020/10/13,8.371,
02EA020,2,2020/10/14,8.367,
02EA020,2,2020/10/15,8.363,
02EA020,2,2020/10/16,8.360,
02EA020,2,2020/10/17,8.358,
02EA020,2,2020/10/18,8.359,
02EA020,2,2020/10/19,8.370,
02EA020,2,2020/10/20,8.367,
02EA020,2,2020/10/21,8.373,
02EA020,2,2020/10/22,8.377,
02EA020,2,2020/10/23,8.386,
02EA020,2,2020/10/24,8.399,
02EA020,2,2020/10/25,8.397,
02EA020,2,2020/10/26,8.393,
02EA020,2,2020/10/27,8.387,
02EA020,2,2020/10/28,8.379,
02EA020,2,2020/10/29,8.379,
02EA020,2,2020/10/30,8.368,
02EA020,2,2020/10/31,8.357,
02EA020,2,2020/11/01,8.355,
02EA020,2,2020/11/02,8.357,
02EA020,2,2020/11/03,8.351,
02EA020,2,2020/11/04,8.345,
02EA020,2,2020/11/05,8.341,
02EA020,2,2020/11/06,8.338,
02EA020,2,2020/11/07,8.334,
02EA020,2,2020/11/08,8.330,
02EA020,2,2020/11/09,8.325,
02EA020,2,2020/11/10,8.321,
02EA020,2,2020/11/11,8.324,
02EA020,2,2020/11/12,8.323,
02EA020,2,2020/11/13,8.316,
02EA020,2,2020/11/14,8.311,
02EA020,2,2020/11/15,8.312,
02EA020,2,2020/11/16,8.339,
02EA020,2,2020/11/17,8.342,
02EA020,2,2020/11/18,8.338,
02EA020,2,2020/11/19,8.332,
02EA020,2,2020/11/20,8.328,
02EA020,2,2020/11/21,8.324,
02EA020,2,2020/11/22,8.320,
02EA020,2,2020/11/23,8.318,
02EA020,2,2020/11/24,8.313,
02EA020,2,2020/11/25,8.311,
02EA020,2,2020/11/26,8.313,
02EA020,2,2020/11/27,8.314,
02EA020,2,2020/11/28,8.313,
02EA020,2,2020/11/29,8.311,
02EA020,2,2020/11/30,8.307,
02EA020,2,2020/12/01,8.309,
02EA020,2,2020/12/02,8.312,
02EA020,2,2020/12/03,8.308,
02EA020,2,2020/12/04,8.307,
02EA020,2,2020/12/05,8.304,
02EA020,2,2020/12/06,8.295,
02EA020,2,2020/12/07,8.291,
02EA020,2,2020/12/08,8.284,
02EA020,2,2020/12/09,8.280,
02EA020,2,2020/12/10,8.275,
02EA020,2,2020/12/11,8.270,
02EA020,2,2020/12/12,8.277,
02EA020,2,2020/12/13,8.286,
02EA020,2,2020/12/14,8.281,
02EA020,2,2020/12/15,8.275,
02EA020,2,2020/12/16,8.269,
02EA020,2,2020/12/17,8.262,
02EA020,2,2020/12/18,8.254,
02EA020,2,2020/12/19,8.249,
02EA020,2,2020/12/20,8.248,
02EA020,2,2020/12/21,8.245,
02EA020,2,2020/12/22,8.240,
02EA020,2,2020/12/23,8.236,
02EA020,2,2020/12/24,8.238,
02EA020,2,2020/12/25,8.245,
02EA020,2,2020/12/26,8.246,
02EA020,2,2020/12/27,8.243,
02EA020,2,2020/12/28,8.247,
02EA020,2,2020/12/29,8.245,
02EA020,2,2020/12/30,8.244,
02EA020,2,2020/12/31,8.243,
02EA020,2,2021/01/01,8.239,
02EA020,2,2021/01/02,8.235,
02EA020,2,2021/01/03,8.231,
02EA020,2,2021/01/04,8.225,
02EA020,2,2021/01/05,8.221,
02EA020,2,2021/01/06,8.215,
02EA020,2,2021/01/07,8.211,
02EA020,2,2021/01/08,8.205,
02EA020,2,2021/01/09,8.200,
02EA020,2,2021/01/10,8.195,
02EA020,2,2021/01/11,8.190,
02EA020,2,2021/01/12,8.187,
02EA020,2,2021/01/13,8.185,
02EA020,2,2021/01/14,8.182,
02EA020,2,2021/01/15,8.177,
02EA020,2,2021/01/16,8.175,
02EA020,2,2021/01/17,8.177,
02EA020,2,2021/01/18,8.173,
02EA020,2,2021/01/19,8.169,
02EA020,2,2021/01/20,8.164,
02EA020,2,2021/01/21,8.164,
02EA020,2,2021/01/22,8.161,
02EA020,2,2021/01/23,8.156,
02EA020,2,2021/01/24,8.151,
02EA020,2,2021/01/25,8.147,
02EA020,2,2021/01/26,8.144,
02EA020,2,2021/01/27,8.142,
02EA020,2,2021/01/28,8.137,
02EA020,2,2021/01/29,8.132,
02EA020,2,2021/01/30,8.128,
02EA020,2,2021/01/31,8.124,
02EA020,2,2021/02/01,8.120,
02EA020,2,2021/02/02,8.115,
02EA020,2,2021/02/03,8.110,
02EA020,2,2021/02/04,8.106,
02EA020,2,2021/02/05,8.108,
02EA020,2,2021/02/06,8.114,
02EA020,2,2021/02/07,8.114,
02EA020,2,2021/02/08,8.114,
02EA020,2,2021/02/09,8.109,
02EA020,2,2021/02/10,8.106,
02EA020,2,2021/02/11,8.103,
02EA020,2,2021/02/12,8.099,
02EA020,2,2021/02/13,8.095,
02EA020,2,2021/02/14,8.094,
02EA020,2,2021/02/15,8.095,
02EA020,2,2021/02/16,8.099,
02EA020,2,2021/02/17,8.093,
02EA020,2,2021/02/18,8.090,
02EA020,2,2021/02/19,8.088,
02EA020,2,2021/02/20,8.086,
02EA020,2,2021/02/21,8.084,
02EA020,2,2021/02/22,8.085,
02EA020,2,2021/02/23,8.085,
02EA020,2,2021/02/24,8.090,
02EA020,2,2021/02/25,8.097,
02EA020,2,2021/02/26,8.094,
02EA020,2,2021/02/27,8.094,
02EA020,2,2021/02/28,8.095,
02EA020,2,2021/03/01,8.104,
02EA020,2,2021/03/02,8.110,
02EA020,2,2021/03/03,8.098,
02EA020,2,2021/03/04,8.095,
02EA020,2,2021/03/05,8.091,
02EA020,2,2021/03/06,8.088,
02EA020,2,2021/03/07,8.085,
02EA020,2,2021/03/08,8.082,
02EA020,2,2021/03/09,8.081,
02EA020,2,2021/03/10,8.079,
02EA020,2,2021/03/11,8.085,
02EA020,2,2021/03/12,8.093,
02EA020,2,2021/03/13,8.094,
02EA020,2,2021/03/14,8.096,
02EA020,2,2021/03/15,8.096,
02EA020,2,2021/03/16,8.096,
02EA020,2,2021/03/17,8.095,
02EA020,2,2021/03/18,8.095,
02EA020,2,2021/03/19,8.092,
02EA020,2,2021/03/20,8.091,
02EA020,2,2021/03/21,8.091,
02EA020,2,2021/03/22,8.094,
02EA020,2,2021/03/23,8.101,
02EA020,2,2021/03/24,8.116,
02EA020,2,2021/03/25,8.160,
02EA020,2,2021/03/26,8.194,
02EA020,2,2021/03/27,8.214,
02EA020,2,2021/03/28,8.243,
02EA020,2,2021/03/29,8.273,
02EA020,2,2021/03/30,8.285,
02EA020,2,2021/03/31,8.298,
02EA020,2,2021/04/01,8.307,
02EA020,2,2021/04/02,8.308,
02EA020,2,2021/04/03,8.311,
02EA020,2,2021/04/04,8.314,
02EA020,2,2021/04/05,8.313,
02EA020,2,2021/04/06,8.316,
02EA020,2,2021/04/07,8.327,
02EA020,2,2021/04/08,8.341,
02EA020,2,2021/04/09,8.363,
02EA020,2,2021/04/10,8.373,
02EA020,2,2021/04/11,8.383,
02EA020,2,2021/04/12,8.394,
02EA020,2,2021/04/13,8.401,
02EA020,2,2021/04/14,8.411,
02EA020,2,2021/04/15,8.416,
02EA020,2,2021/04/16,8.428,
02EA020,2,2021/04/17,8.436,
02EA020,2,2021/04/18,8.440,
02EA020,2,2021/04/19,8.445,
02EA020,2,2021/04/20,8.450,
02EA020,2,2021/04/21,8.455,
02EA020,2,2021/04/22,8.454,
02EA020,2,2021/04/23,8.456,
02EA020,2,2021/04/24,8.458,
02EA020,2,2021/04/25,8.462,
02EA020,2,2021/04/26,8.465,
02EA020,2,2021/04/27,8.468,
02EA020,2,2021/04/28,8.481,
02EA020,2,2021/04/29,8.493,
02EA020,2,2021/04/30,8.509,
02EA020,2,2021/05/01,8.520,
02EA020,2,2021/05/02,8.530,
02EA020,2,2021/05/03,8.541,
02EA020,2,2021/05/04,8.551,
02EA020,2,2021/05/05,8.559,
02EA020,2,2021/05/06,8.564,
02EA020,2,2021/05/07,8.570,
02EA020,2,2021/05/08,8.573,
02EA020,2,2021/05/09,8.574,
02EA020,2,2021/05/10,8.576,
02EA020,2,2021/05/11,8.580,
02EA020,2,2021/05/12,8.584,
02EA020,2,2021/05/13,8.580,
02EA020,2,2021/05/14,8.577,
02EA020,2,2021/05/15,8.574,
02EA020,2,2021/05/16,8.571,
02EA020,2,2021/05/17,8.568,
02EA020,2,2021/05/18,8.567,
02EA020,2,2021/05/19,8.564,
02EA020,2,2021/05/20,8.562,
02EA020,2,2021/05/21,8.560,
02EA020,2,2021/05/22,8.561,
02EA020,2,2021/05/23,8.566,
02EA020,2,2021/05/24,8.558,
02EA020,2,2021/05/25,8.554,
02EA020,2,2021/05/26,8.556,
02EA020,2,2021/05/27,8.557,
02EA020,2,2021/05/28,8.551,
02EA020,2,2021/05/29,8.542,
02EA020,2,2021/05/30,8.535,
02EA020,2,2021/05/31,8.531,
02EA020,2,2021/06/01,8.529,
02EA020,2,2021/06/02,8.529,
02EA020,2,2021/06/03,8.528,
02EA020,2,2021/06/04,8.527,
02EA020,2,2021/06/05,8.527,
02EA020,2,2021/06/06,8.529,
02EA020,2,2021/06/07,8.529,
02EA020,2,2021/06/08,8.530,
02EA020,2,2021/06/09,8.534,
02EA020,2,2021/06/10,8.528,
02EA020,2,2021/06/11,8.526,
02EA020,2,2021/06/12,8.522,
02EA020,2,2021/06/13,8.519,
02EA020,2,2021/06/14,8.522,
02EA020,2,2021/06/15,8.526,
02EA020,2,2021/06/16,8.515,
02EA020,2,2021/06/17,8.506,
02EA020,2,2021/06/18,8.506,
02EA020,2,2021/06/19,8.510,
02EA020,2,2021/06/20,8.508,
02EA020,2,2021/06/21,8.505,
02EA020,2,2021/06/22,8.505,
02EA020,2,2021/06/23,8.498,
02EA020,2,2021/06/24,8.495,
02EA020,2,2021/06/25,8.501,
02EA020,2,2021/06/26,8.516,
02EA020,2,2021/06/27,8.547,
02EA020,2,2021/06/28,8.557,
02EA020,2,2021/06/29,8.563,
02EA020,2,2021/06/30,8.569,
02EA020,2,2021/07/01,8.577,
02EA020,2,2021/07/02,8.575,
02EA020,2,2021/07/03,8.570,
02EA020,2,2021/07/04,8.569,
02EA020,2,2021/07/05,8.573,
02EA020,2,2021/07/06,8.585,
02EA020,2,2021/07/07,8.589,
02EA020,2,2021/07/08,8.602,
02EA020,2,2021/07/09,8.611,
02EA020,2,2021/07/10,8.607,
02EA020,2,2021/07/11,8.603,
02EA020,2,2021/07/12,8.599,
02EA020,2,2021/07/13,8.584,
02EA020,2,2021/07/14,8.577,
02EA020,2,2021/07/15,8.578,
02EA020,2,2021/07/16,8.581,
02EA020,2,2021/07/17,8.572,
02EA020,2,2021/07/18,8.563,
02EA020,2,2021/07/19,8.564,
02EA020,2,2021/07/20,8.578,
02EA020,2,2021/07/21,8.579,
02EA020,2,2021/07/22,8.574,
02EA020,2,2021/07/23,8.572,
02EA020,2,2021/07/24,8.576,
02EA020,2,2021/07/25,8.608,
02EA020,2,2021/07/26,8.604,
02EA020,2,2021/07/27,8.599,
02EA020,2,2021/07/28,8.594,
02EA020,2,2021/07/29,8.588,
02EA020,2,2021/07/30,8.578,
02EA020,2,2021/07/31,8.566,
02EA020,2,2021/08/01,8.561,
02EA020,2,2021/08/02,8.548,
02EA020,2,2021/08/03,8.547,
02EA020,2,2021/08/04,8.554,
02EA020,2,2021/08/05,8.552,
02EA020,2,2021/08/06,8.551,
02EA020,2,2021/08/07,8.553,
02EA020,2,2021/08/08,8.554,
02EA020,2,2021/08/09,8.575,
02EA020,2,2021/08/10,8.599,
02EA020,2,2021/08/11,8.593,
02EA020,2,2021/08/12,8.606,
02EA020,2,2021/08/13,8.601,
02EA020,2,2021/08/14,8.589,
02EA020,2,2021/08/15,8.578,
02EA020,2,2021/08/16,8.567,
02EA020,2,2021/08/17,8.560,
02EA020,2,2021/08/18,8.554,
02EA020,2,2021/08/19,8.545,
02EA020,2,2021/08/20,8.537,
02EA020,2,2021/08/21,8.530,
02EA020,2,2021/08/22,8.523,
02EA020,2,2021/08/23,8.513,
02EA020,2,2021/08/24,8.511,
02EA020,2,2021/08/25,8.515,
02EA020,2,2021/08/26,8.514,
02EA020,2,2021/08/27,8.511,
02EA020,2,2021/08/28,8.502,
02EA020,2,2021/08/29,8.503,
02EA020,2,2021/08/30,8.505,
02EA020,2,2021/08/31,8.502,
02EA020,2,2021/09/01,8.496,
02EA020,2,2021/09/02,8.487,
02EA020,2,2021/09/03,8.480,
02EA020,2,2021/09/04,8.476,
02EA020,2,2021/09/05,8.478,
02EA020,2,2021/09/06,8.477,
02EA020,2,2021/09/07,8.474,
02EA020,2,2021/09/08,8.473,
02EA020,2,2021/09/09,8.477,
02EA020,2,2021/09/10,8.474,
02EA020,2,2021/09/11,8.468,
02EA020,2,2021/09/12,8.470,
02EA020,2,2021/09/13,8.468,
02EA020,2,2021/09/14,8.467,
02EA020,2,2021/09/15,8.480,
02EA020,2,2021/09/16,8.478,
02EA020,2,2021/09/17,8.475,
02EA020,2,2021/09/18,8.475,
02EA020,2,2021/09/19,8.471,
02EA020,2,2021/09/20,8.467,
02EA020,2,2021/09/21,8.468,
02EA020,2,2021/09/22,8.533,
02EA020,2,2021/09/23,8.601,
02EA020,2,2021/09/24,8.617,
02EA020,2,2021/09/25,8.636,
02EA020,2,2021/09/26,8.665,
02EA020,2,2021/09/27,8.673,
02EA020,2,2021/09/28,8.670,
02EA020,2,2021/09/29,8.663,
02EA020,2,2021/09/30,8.654,
02EA020,2,2021/10/01,8.638,
02EA020,2,2021/10/02,8.639,
02EA020,2,2021/10/03,8.675,
02EA020,2,2021/10/04,8.675,
02EA020,2,2021/10/05,8.668,
02EA020,2,2021/10/06,8.659,
02EA020,2,2021/10/07,8.648,
02EA020,2,2021/10/08,8.637,
02EA020,2,2021/10/09,8.629,
02EA020,2,2021/10/10,8.630,
02EA020,2,2021/10/11,8.632,
02EA020,2,2021/10/12,8.629,
02EA020,2,2021/10/13,8.644,
02EA020,2,2021/10/14,8.644,
02EA020,2,2021/10/15,8.641,
02EA020,2,2021/10/16,8.654,
02EA020,2,2021/10/17,8.654,
02EA020,2,2021/10/18,8.650,
02EA020,2,2021/10/19,8.641,
02EA020,2,2021/10/20,8.633,
02EA020,2,2021/10/21,8.639,
02EA020,2,2021/10/22,8.648,
02EA020,2,2021/10/23,8.643,
02EA020,2,2021/10/24,8.638,
02EA020,2,2021/10/25,8.637,
02EA020,2,2021/10/26,8.626,
02EA020,2,2021/10/27,8.616,
02EA020,2,2021/10/28,8.605,
02EA020,2,2021/10/29,8.594,
02EA020,2,2021/10/30,8.583,
02EA020,2,2021/10/31,8.570,
02EA020,2,2021/11/01,8.558,
02EA020,2,2021/11/02,8.548,
02EA020,2,2021/11/03,8.537,
02EA020,2,2021/11/04,8.525,
02EA020,2,2021/11/05,8.514,
02EA020,2,2021/11/06,8.503,
02EA020,2,2021/11/07,8.493,
02EA020,2,2021/11/08,8.485,
02EA020,2,2021/11/09,8.477,
02EA020,2,2021/11/10,8.467,
02EA020,2,2021/11/11,8.459,
02EA020,2,2021/11/12,8.452,
02EA020,2,2021/11/13,8.451,
02EA020,2,2021/11/14,8.448,
02EA020,2,2021/11/15,8.441,
02EA020,2,2021/11/16,8.434,
02EA020,2,2021/11/17,8.427,
02EA020,2,2021/11/18,8.425,
02EA020,2,2021/11/19,8.419,
02EA020,2,2021/11/20,8.412,
02EA020,2,2021/11/21,8.407,
02EA020,2,2021/11/22,8.409,
02EA020,2,2021/11/23,8.404,
02EA020,2,2021/11/24,8.397,
02EA020,2,2021/11/25,8.397,
02EA020,2,2021/11/26,8.399,
02EA020,2,2021/11/27,8.394,
02EA020,2,2021/11/28,8.387,
02EA020,2,2021/11/29,8.380,
02EA020,2,2021/11/30,8.375,
02EA020,2,2021/12/01,8.371,
02EA020,2,2021/12/02,8.373,
02EA020,2,2021/12/03,8.373,
02EA020,2,2021/12/04,8.370,
02EA020,2,2021/12/05,8.367,
02EA020,2,2021/12/06,8.372,
02EA020,2,2021/12/07,8.371,
02EA020,2,2021/12/08,8.367,
02EA020,2,2021/12/09,8.363,
02EA020,2,2021/12/10,8.361,
02EA020,2,2021/12/11,8.371,
02EA020,2,2021/12/12,8.384,
02EA020,2,2021/12/13,8.386,
02EA020,2,2021/12/14,8.386,
02EA020,2,2021/12/15,8.386,
02EA020,2,2021/12/16,8.383,
02EA020,2,2021/12/17,8.390,
02EA020,2,2021/12/18,8.392,
02EA020,2,2021/12/19,8.390,
02EA020,2,2021/12/20,8.386,
02EA020,2,2021/12/21,8.387,
02EA020,2,2021/12/22,8.386,
02EA020,2,2021/12/23,8.381,
02EA020,2,2021/12/24,8.377,
02EA020,2,2021/12/25,8.378,
02EA020,2,2021/12/26,8.376,
02EA020,2,2021/12/27,8.372,
02EA020,2,2021/12/28,8.369,
02EA020,2,2021/12/29,8.365,
02EA020,2,2021/12/30,8.361,
02EA020,2,2021/12/31,8.358,
02EA020,2,2022/01/01,8.356,
02EA020,2,2022/01/02,8.350,
02EA020,2,2022/01/03,8.344,
02EA020,2,2022/01/04,8.339,
02EA020,2,2022/01/05,8.337,
02EA020,2,2022/01/06,8.339,
02EA020,2,2022/01/07,8.335,
02EA020,2,2022/01/08,8.330,
02EA020,2,2022/01/09,8.327,
02EA020,2,2022/01/10,8.323,
02EA020,2,2022/01/11,8.317,
02EA020,2,2022/01/12,8.314,
02EA020,2,2022/01/13,8.310,
02EA020,2,2022/01/14,8.306,
02EA020,2,2022/01/15,8.300,
02EA020,2,2022/01/16,8.295,
02EA020,2,2022/01/17,8.293,
02EA020,2,2022/01/18,8.290,
02EA020,2,2022/01/19,8.293,
02EA020,2,2022/01/20,8.290,
02EA020,2,2022/01/21,8.285,
02EA020,2,2022/01/22,8.282,
02EA020,2,2022/01/23,8.280,
02EA020,2,2022/01/24,8.276,
02EA020,2,2022/01/25,8.273,
02EA020,2,2022/01/26,8.268,
02EA020,2,2022/01/27,8.265,
02EA020,2,2022/01/28,8.262,
02EA020,2,2022/01/29,8.258,
02EA020,2,2022/01/30,8.254,
02EA020,2,2022/01/31,8.250,
02EA020,2,2022/02/01,8.246,
02EA020,2,2022/02/02,8.250,
02EA020,2,2022/02/03,8.254,
02EA020,2,2022/02/04,8.250,
02EA020,2,2022/02/05,8.245,
02EA020,2,2022/02/06,8.241,
02EA020,2,2022/02/07,8.237,
02EA020,2,2022/02/08,8.235,
02EA020,2,2022/02/09,8.231,
02EA020,2,2022/02/10,8.229,
02EA020,2,2022/02/11,8.229,
02EA020,2,2022/02/12,8.230,
02EA020,2,2022/02/13,8.226,
02EA020,2,2022/02/14,8.222,
02EA020,2,2022/02/15,8.220,
02EA020,2,2022/02/16,8.219,
02EA020,2,2022/02/17,8.233,
02EA020,2,2022/02/18,8.233,
02EA020,2,2022/02/19,8.234,
02EA020,2,2022/02/20,8.232,
02EA020,2,2022/02/21,8.229,
02EA020,2,2022/02/22,8.232,
02EA020,2,2022/02/23,8.242,
02EA020,2,2022/02/24,8.238,
02EA020,2,2022/02/25,8.237,
02EA020,2,2022/02/26,8.235,
02EA020,2,2022/02/27,8.233,
02EA020,2,2022/02/28,8.230,
02EA020,2,2022/03/01,8.227,
02EA020,2,2022/03/02,8.225,
02EA020,2,2022/03/03,8.224,
02EA020,2,2022/03/04,8.220,
02EA020,2,2022/03/05,8.217,
02EA020,2,2022/03/06,8.225,
02EA020,2,2022/03/07,8.229,
02EA020,2,2022/03/08,8.232,
02EA020,2,2022/03/09,8.230,
02EA020,2,2022/03/10,8.227,
02EA020,2,2022/03/11,8.225,
02EA020,2,2022/03/12,8.222,
02EA020,2,2022/03/13,8.219,
02EA020,2,2022/03/14,8.217,
02EA020,2,2022/03/15,8.217,
02EA020,2,2022/03/16,8.215,
02EA020,2,2022/03/17,8.214,
02EA020,2,2022/03/18,8.215,
02EA020,2,2022/03/19,8.223,
02EA020,2,2022/03/20,8.236,
02EA020,2,2022/03/21,8.243,
02EA020,2,2022/03/22,8.249,
02EA020,2,2022/03/23,8.253,
02EA020,2,2022/03/24,8.276,
02EA020,2,2022/03/25,8.296,
02EA020,2,2022/03/26,8.307,
02EA020,2,2022/03/27,8.315,
02EA020,2,2022/03/28,8.318,
02EA020,2,2022/03/29,8.320,
02EA020,2,2022/03/30,8.323,
02EA020,2,2022/03/31,8.338,
02EA020,2,2022/04/01,8.347,
02EA020,2,2022/04/02,8.351,
02EA020,2,2022/04/03,8.354,
02EA020,2,2022/04/04,8.356,
02EA020,2,2022/04/05,8.358,
02EA020,2,2022/04/06,8.361,
02EA020,2,2022/04/07,8.385,
02EA020,2,2022/04/08,8.404,
02EA020,2,2022/04/09,8.417,
02EA020,2,2022/04/10,8.425,
02EA020,2,2022/04/11,8.431,
02EA020,2,2022/04/12,8.437,
02EA020,2,2022/04/13,8.451,
02EA020,2,2022/04/14,8.476,
02EA020,2,2022/04/15,8.486,
02EA020,2,2022/04/16,8.489,
02EA020,2,2022/04/17,8.489,
02EA020,2,2022/04/18,8.489,
02EA020,2,2022/04/19,8.494,
02EA020,2,2022/04/20,8.496,
02EA020,2,2022/04/21,8.500,
02EA020,2,2022/04/22,8.505,
02EA020,2,2022/04/23,8.505,
02EA020,2,2022/04/24,8.506,
02EA020,2,2022/04/25,8.524,
02EA020,2,2022/04/26,8.546,
02EA020,2,2022/04/27,8.562,
02EA020,2,2022/04/28,8.568,
02EA020,2,2022/04/29,8.571,
02EA020,2,2022/04/30,8.574,
02EA020,2,2022/05/01,8.576,
02EA020,2,2022/05/02,8.582,
02EA020,2,2022/05/03,8.586,
02EA020,2,2022/05/04,8.593,
02EA020,2,2022/05/05,8.594,
02EA020,2,2022/05/06,8.598,
02EA020,2,2022/05/07,8.598,
02EA020,2,2022/05/08,8.596,
02EA020,2,2022/05/09,8.597,
02EA020,2,2022/05/10,8.595,
02EA020,2,2022/05/11,8.596,
02EA020,2,2022/05/12,8.595,
02EA020,2,2022/05/13,8.594,
02EA020,2,2022/05/14,8.601,
02EA020,2,2022/05/15,8.624,
02EA020,2,2022/05/16,8.628,
02EA020,2,2022/05/17,8.633,
02EA020,2,2022/05/18,8.633,
02EA020,2,2022/05/19,8.634,
02EA020,2,2022/05/20,8.634,
02EA020,2,2022/05/21,8.646,
02EA020,2,2022/05/22,8.650,
02EA020,2,2022/05/23,8.653,
02EA020,2,2022/05/24,8.644,
02EA020,2,2022/05/25,8.630,
02EA020,2,2022/05/26,8.629,
02EA020,2,2022/05/27,8.636,
02EA020,2,2022/05/28,8.632,
02EA020,2,2022/05/29,8.623,
02EA020,2,2022/05/30,8.613,
02EA020,2,2022/05/31,8.605,
02EA020,2,2022/06/01,8.597,
02EA020,2,2022/06/02,8.589,
02EA020,2,2022/06/03,8.576,
02EA020,2,2022/06/04,8.559,
02EA020,2,2022/06/05,8.549,
02EA020,2,2022/06/06,8.544,
02EA020,2,2022/06/07,8.561,
02EA020,2,2022/06/08,8.574,
02EA020,2,2022/06/09,8.575,
02EA020,2,2022/06/10,8.573,
02EA020,2,2022/06/11,8.567,
02EA020,2,2022/06/12,8.582,
02EA020,2,2022/06/13,8.579,
02EA020,2,2022/06/14,8.573,
02EA020,2,2022/06/15,8.570,
02EA020,2,2022/06/16,8.563,
02EA020,2,2022/06/17,8.553,
02EA020,2,2022/06/18,8.544,
02EA020,2,2022/06/19,8.527,
02EA020,2,2022/06/20,8.522,
02EA020,2,2022/06/21,8.528,
02EA020,2,2022/06/22,8.528,
02EA020,2,2022/06/23,8.528,
02EA020,2,2022/06/24,8.522,
02EA020,2,2022/06/25,8.520,
02EA020,2,2022/06/26,8.516,
02EA020,2,2022/06/27,8.511,
02EA020,2,2022/06/28,8.506,
02EA020,2,2022/06/29,8.512,
02EA020,2,2022/06/30,8.509,
02EA020,2,2022/07/01,8.518,
02EA020,2,2022/07/02,8.516,
02EA020,2,2022/07/03,8.511,
02EA020,2,2022/07/04,8.507,
02EA020,2,2022/07/05,8.511,
02EA020,2,2022/07/06,8.512,
02EA020,2,2022/07/07,8.505,
02EA020,2,2022/07/08,8.503,
02EA020,2,2022/07/09,8.495,
02EA020,2,2022/07/10,8.488,
02EA020,2,2022/07/11,8.480,
02EA020,2,2022/07/12,8.484,
02EA020,2,2022/07/13,8.482,
02EA020,2,2022/07/14,8.477,
02EA020,2,2022/07/15,8.470,
02EA020,2,2022/07/16,8.464,
02EA020,2,2022/07/17,8.461,
02EA020,2,2022/07/18,8.458,
02EA020,2,2022/07/19,8.451,
02EA020,2,2022/07/20,8.458,
02EA020,2,2022/07/21,8.468,
02EA020,2,2022/07/22,8.464,
02EA020,2,2022/07/23,8.459,
02EA020,2,2022/07/24,8.455,
02EA020,2,2022/07/25,8.450,
02EA020,2,2022/07/26,8.443,
02EA020,2,2022/07/27,8.438,
02EA020,2,2022/07/28,8.441,
02EA020,2,2022/07/29,8.441,
02EA020,2,2022/07/30,8.438,
02EA020,2,2022/07/31,8.432,
02EA020,2,2022/08/01,8.429,
02EA020,2,2022/08/02,8.433,
02EA020,2,2022/08/03,8.427,
02EA020,2,2022/08/04,8.426,
02EA020,2,2022/08/05,8.424,
02EA020,2,2022/08/06,8.418,
02EA020,2,2022/08/07,8.425,
02EA020,2,2022/08/08,8.442,
02EA020,2,2022/08/09,8.446,
02EA020,2,2022/08/10,8.440,
02EA020,2,2022/08/11,8.435,
02EA020,2,2022/08/12,8.428,
02EA020,2,2022/08/13,8.422,
02EA020,2,2022/08/14,8.418,
02EA020,2,2022/08/15,8.414,
02EA020,2,2022/08/16,8.414,
02EA020,2,2022/08/17,8.421,
02EA020,2,2022/08/18,8.417,
02EA020,2,2022/08/19,8.412,
02EA020,2,2022/08/20,8.409,
02EA020,2,2022/08/21,8.407,
02EA020,2,2022/08/22,8.409,
02EA020,2,2022/08/23,8.409,
02EA020,2,2022/08/24,8.406,
02EA020,2,2022/08/25,8.401,
02EA020,2,2022/08/26,8.402,
02EA020,2,2022/08/27,8.397,
02EA020,2,2022/08/28,8.393,
02EA020,2,2022/08/29,8.390,
02EA020,2,2022/08/30,8.396,
02EA020,2,2022/08/31,8.394,
02EA020,2,2022/09/01,8.387,
02EA020,2,2022/09/02,8.381,
02EA020,2,2022/09/03,8.382,
02EA020,2,2022/09/04,8.380,
02EA020,2,2022/09/05,8.371,
02EA020,2,2022/09/06,8.367,
02EA020,2,2022/09/07,8.362,
02EA020,2,2022/09/08,8.359,
02EA020,2,2022/09/09,8.355,
02EA020,2,2022/09/10,8.352,
02EA020,2,2022/09/11,8.351,
02EA020,2,2022/09/12,8.352,
02EA020,2,2022/09/13,8.356,
02EA020,2,2022/09/14,8.357,
02EA020,2,2022/09/15,8.351,
02EA020,2,2022/09/16,8.354,
02EA020,2,2022/09/17,8.351,
02EA020,2,2022/09/18,8.352,
02EA020,2,2022/09/19,8.373,
02EA020,2,2022/09/20,8.379,
02EA020,2,2022/09/21,8.377,
02EA020,2,2022/09/22,8.377,
02EA020,2,2022/09/23,8.368,
02EA020,2,2022/09/24,8.364,
02EA020,2,2022/09/25,8.367,
02EA020,2,2022/09/26,8.392,
02EA020,2,2022/09/27,8.401,
02EA020,2,2022/09/28,8.402,
02EA020,2,2022/09/29,8.399,
02EA020,2,2022/09/30,8.398,
02EA020,2,2022/10/01,8.400,
02EA020,2,2022/10/02,8.397,
02EA020,2,2022/10/03,8.390,
02EA020,2,2022/10/04,8.388,
02EA020,2,2022/10/05,8.387,
02EA020,2,2022/10/06,8.388,
02EA020,2,2022/10/07,8.395,
02EA020,2,2022/10/08,8.389,
02EA020,2,2022/10/09,8.389,
02EA020,2,2022/10/10,8.385,
02EA020,2,2022/10/11,8.384,
02EA020,2,2022/10/12,8.389,
02EA020,2,2022/10/13,8.419,
02EA020,2,2022/10/14,8.428,
02EA020,2,2022/10/15,8.432,
02EA020,2,2022/10/16,8.442,
02EA020,2,2022/10/17,8.436,
02EA020,2,2022/10/18,8.428,
02EA020,2,2022/10/19,8.426,
02EA020,2,2022/10/20,8.428,
02EA020,2,2022/10/21,8.423,
02EA020,2,2022/10/22,8.418,
02EA020,2,2022/10/23,8.413,
02EA020,2,2022/10/24,8.408,
02EA020,2,2022/10/25,8.403,
02EA020,2,2022/10/26,8.398,
02EA020,2,2022/10/27,8.393,
02EA020,2,2022/10/28,8.386,
02EA020,2,2022/10/29,8.379,
02EA020,2,2022/10/30,8.374,
02EA020,2,2022/10/31,8.369,
02EA020,2,2022/11/01,8.365,
02EA020,2,2022/11/02,8.360,
02EA020,2,2022/11/03,8.354,
02EA020,2,2022/11/04,8.349,
02EA020,2,2022/11/05,8.348,
02EA020,2,2022/11/06,8.348,
02EA020,2,2022/11/07,8.340,
02EA020,2,2022/11/08,8.336,
02EA020,2,2022/11/09,8.327,
02EA020,2,2022/11/10,8.322,
02EA020,2,2022/11/11,8.320,
02EA020,2,2022/11/12,8.314,
02EA020,2,2022/11/13,8.306,
02EA020,2,2022/11/14,8.299,
02EA020,2,2022/11/15,8.295,
02EA020,2,2022/11/16,8.289,
02EA020,2,2022/11/17,8.283,
02EA020,2,2022/11/18,8.278,
02EA020,2,2022/11/19,8.274,
02EA020,2,2022/11/20,8.276,
02EA020,2,2022/11/21,8.269,
02EA020,2,2022/11/22,8.266,
02EA020,2,2022/11/23,8.263,
02EA020,2,2022/11/24,8.259,
02EA020,2,2022/11/25,8.263,
02EA020,2,2022/11/26,8.261,
02EA020,2,2022/11/27,8.262,
02EA020,2,2022/11/28,8.265,
02EA020,2,2022/11/29,8.263,
02EA020,2,2022/11/30,8.271,
02EA020,2,2022/12/01,8.280,
02EA020,2,2022/12/02,8.280,
02EA020,2,2022/12/03,8.286,
02EA020,2,2022/12/04,8.293,
02EA020,2,2022/12/05,8.294,
02EA020,2,2022/12/06,8.295,
02EA020,2,2022/12/07,8.302,
02EA020,2,2022/12/08,8.304,
02EA020,2,2022/12/09,8.306,
02EA020,2,2022/12/10,8.300,
02EA020,2,2022/12/11,8.296,
02EA020,2,2022/12/12,8.293,
02EA020,2,2022/12/13,8.288,
02EA020,2,2022/12/14,8.285,
02EA020,2,2022/12/15,8.284,
02EA020,2,2022/12/16,8.288,
02EA020,2,2022/12/17,8.289,
02EA020,2,2022/12/18,8.292,
02EA020,2,2022/12/19,8.291,
02EA020,2,2022/12/20,8.288,
02EA020,2,2022/12/21,8.285,
02EA020,2,2022/12/22,8.283,
02EA020,2,2022/12/23,8.284,
02EA020,2,2022/12/24,8.286,
02EA020,2,2022/12/25,8.285,
02EA020,2,2022/12/26,8.282,
02EA020,2,2022/12/27,8.281,
02EA020,2,2022/12/28,8.287,
02EA020,2,2022/12/29,8.286,
02EA020,2,2022/12/30,8.288,
02EA020,2,2022/12/31,8.293,
02EA020,2,2023/01/01,8.295,
02EA020,2,2023/01/02,8.297,
02EA020,2,2023/01/03,8.298,
02EA020,2,2023/01/04,8.306,
02EA020,2,2023/01/05,8.329,
02EA020,2,2023/01/06,8.332,
02EA020,2,2023/01/07,8.332,
02EA020,2,2023/01/08,8.329,
02EA020,2,2023/01/09,8.328,
02EA020,2,2023/01/10,8.326,
02EA020,2,2023/01/11,8.325,
02EA020,2,2023/01/12,8.331,
02EA020,2,2023/01/13,8.331,
02EA020,2,2023/01/14,8.328,
02EA020,2,2023/01/15,8.325,
02EA020,2,2023/01/16,8.322,
02EA020,2,2023/01/17,8.322,
02EA020,2,2023/01/18,8.323,
02EA020,2,2023/01/19,8.322,
02EA020,2,2023/01/20,8.323,
02EA020,2,2023/01/21,8.320,
02EA020,2,2023/01/22,8.320,
02EA020,2,2023/01/23,8.319,
02EA020,2,2023/01/24,8.319,
02EA020,2,2023/01/25,8.318,
02EA020,2,2023/01/26,8.320,
02EA020,2,2023/01/27,8.318,
02EA020,2,2023/01/28,8.317,
02EA020,2,2023/01/29,8.317,
02EA020,2,2023/01/30,8.315,
02EA020,2,2023/01/31,8.313,
02EA020,2,2023/02/01,8.311,
02EA020,2,2023/02/02,8.313,
02EA020,2,2023/02/03,8.313,
02EA020,2,2023/02/04,8.309,
02EA020,2,2023/02/05,8.309,
02EA020,2,2023/02/06,8.308,
02EA020,2,2023/02/07,8.306,
02EA020,2,2023/02/08,8.305,
02EA020,2,2023/02/09,8.303,
02EA020,2,2023/02/10,8.311,
02EA020,2,2023/02/11,8.311,
02EA020,2,2023/02/12,8.309,
02EA020,2,2023/02/13,8.308,
02EA020,2,2023/02/14,8.305,
02EA020,2,2023/02/15,8.310,
02EA020,2,2023/02/16,8.317,
02EA020,2,2023/02/17,8.325,
02EA020,2,2023/02/18,8.327,
02EA020,2,2023/02/19,8.325,
02EA020,2,2023/02/20,8.323,
02EA020,2,2023/02/21,8.323,
02EA020,2,2023/02/22,8.323,
02EA020,2,2023/02/23,8.324,
02EA020,2,2023/02/24,8.322,
02EA020,2,2023/02/25,8.320,
02EA020,2,2023/02/26,8.318,
02EA020,2,2023/02/27,8.316,
02EA020,2,2023/02/28,8.319,
02EA020,2,2023/03/01,8.318,
02EA020,2,2023/03/02,8.316,
02EA020,2,2023/03/03,8.313,
02EA020,2,2023/03/04,8.312,
02EA020,2,2023/03/05,8.310,
02EA020,2,2023/03/06,8.307,
02EA020,2,2023/03/07,8.302,
02EA020,2,2023/03/08,8.299,
02EA020,2,2023/03/09,8.297,
02EA020,2,2023/03/10,8.295,
02EA020,2,2023/03/11,8.291,
02EA020,2,2023/03/12,8.287,
02EA020,2,2023/03/13,8.285,
02EA020,2,2023/03/14,8.281,
02EA020,2,2023/03/15,8.278,
02EA020,2,2023/03/16,8.275,
02EA020,2,2023/03/17,8.280,
02EA020,2,2023/03/18,8.284,
02EA020,2,2023/03/19,8.285,
02EA020,2,2023/03/20,8.283,
02EA020,2,2023/03/21,8.282,
02EA020,2,2023/03/22,8.281,
02EA020,2,2023/03/23,8.285,
02EA020,2,2023/03/24,8.286,
02EA020,2,2023/03/25,8.291,
02EA020,2,2023/03/26,8.300,
02EA020,2,2023/03/27,8.302,
02EA020,2,2023/03/28,8.302,
02EA020,2,2023/03/29,8.303,
02EA020,2,2023/03/30,8.305,
02EA020,2,2023/03/31,8.306,
02EA020,2,2023/04/01,8.325,
02EA020,2,2023/04/02,8.332,
02EA020,2,2023/04/03,8.339,
02EA020,2,2023/04/04,8.344,
02EA020,2,2023/04/05,8.377,
02EA020,2,2023/04/06,8.410,
02EA020,2,2023/04/07,8.424,
02EA020,2,2023/04/08,8.437,
02EA020,2,2023/04/09,8.445,
02EA020,2,2023/04/10,8.451,
02EA020,2,2023/04/11,8.466,
02EA020,2,2023/04/12,8.488,
02EA020,2,2023/04/13,8.516,
02EA020,2,2023/04/14,8.547,
02EA020,2,2023/04/15,8.572,
02EA020,2,2023/04/16,8.588,
02EA020,2,2023/04/17,8.613,
02EA020,2,2023/04/18,8.620,
02EA020,2,2023/04/19,8.618,
02EA020,2,2023/04/20,8.620,
02EA020,2,2023/04/21,8.619,
02EA020,2,2023/04/22,8.636,
02EA020,2,2023/04/23,8.657,
02EA020,2,2023/04/24,8.662,
02EA020,2,2023/04/25,8.664,
02EA020,2,2023/04/26,8.665,
02EA020,2,2023/04/27,8.662,
02EA020,2,2023/04/28,8.656,
02EA020,2,2023/04/29,8.659,
02EA020,2,2023/04/30,8.668,
02EA020,2,2023/05/01,8.706,
02EA020,2,2023/05/02,8.728,
02EA020,2,2023/05/03,8.745,
02EA020,2,2023/05/04,8.750,
02EA020,2,2023/05/05,8.749,
02EA020,2,2023/05/06,8.742,
02EA020,2,2023/05/07,8.733,
02EA020,2,2023/05/08,8.725,
02EA020,2,2023/05/09,8.712,
02EA020,2,2023/05/10,8.700,
02EA020,2,2023/05/11,8.688,
02EA020,2,2023/05/12,8.679,
02EA020,2,2023/05/13,8.668,
02EA020,2,2023/05/14,8.653,
02EA020,2,2023/05/15,8.635,
02EA020,2,2023/05/16,8.627,
02EA020,2,2023/05/17,8.616,
02EA020,2,2023/05/18,8.606,
02EA020,2,2023/05/19,8.603,
02EA020,2,2023/05/20,8.620,
02EA020,2,2023/05/21,8.638,
02EA020,2,2023/05/22,8.637,
02EA020,2,2023/05/23,8.631,
02EA020,2,2023/05/24,8.633,
02EA020,2,2023/05/25,8.623,
02EA020,2,2023/05/26,8.614,
02EA020,2,2023/05/27,8.606,
02EA020,2,2023/05/28,8.600,
02EA020,2,2023/05/29,8.594,
02EA020,2,2023/05/30,8.588,
02EA020,2,2023/05/31,8.581,
02EA020,2,2023/06/01,8.576,
02EA020,2,2023/06/02,8.573,
02EA020,2,2023/06/03,8.568,
02EA020,2,2023/06/04,8.554,
02EA020,2,2023/06/05,8.546,
02EA020,2,2023/06/06,8.545,
02EA020,2,2023/06/07,8.541,
02EA020,2,2023/06/08,8.534,
02EA020,2,2023/06/09,8.534,
02EA020,2,2023/06/10,8.531,
02EA020,2,2023/06/11,8.530,
02EA020,2,2023/06/12,8.556,
02EA020,2,2023/06/13,8.592,
02EA020,2,2023/06/14,8.599,
02EA020,2,2023/06/15,8.600,
02EA020,2,2023/06/16,8.602,
02EA020,2,2023/06/17,8.599,
02EA020,2,2023/06/18,8.595,
02EA020,2,2023/06/19,8.594,
02EA020,2,2023/06/20,8.592,
02EA020,2,2023/06/21,8.589,
02EA020,2,2023/06/22,8.584,
02EA020,2,2023/06/23,8.580,
02EA020,2,2023/06/24,8.579,
02EA020,2,2023/06/25,8.580,
02EA020,2,2023/06/26,8.587,
02EA020,2,2023/06/27,8.605,
02EA020,2,2023/06/28,8.614,
02EA020,2,2023/06/29,8.614,
02EA020,2,2023/06/30,8.618,
02EA020,2,2023/07/01,8.619,
02EA020,2,2023/07/02,8.617,
02EA020,2,2023/07/03,8.613,
02EA020,2,2023/07/04,8.608,
02EA020,2,2023/07/05,8.603,
02EA020,2,2023/07/06,8.604,
02EA020,2,2023/07/07,8.580,
02EA020,2,2023/07/08,8.547,
02EA020,2,2023/07/09,8.541,
02EA020,2,2023/07/10,8.526,
02EA020,2,2023/07/11,8.514,
02EA020,2,2023/07/12,8.505,
02EA020,2,2023/07/13,8.510,
02EA020,2,2023/07/14,8.514,
02EA020,2,2023/07/15,8.507,
02EA020,2,2023/07/16,8.505,
02EA020,2,2023/07/17,8.498,
02EA020,2,2023/07/18,8.512,
02EA020,2,2023/07/19,8.538,
02EA020,2,2023/07/20,8.549,
02EA020,2,2023/07/21,8.542,
02EA020,2,2023/07/22,8.519,
02EA020,2,2023/07/23,8.513,
02EA020,2,2023/07/24,8.506,
02EA020,2,2023/07/25,8.499,
02EA020,2,2023/07/26,8.493,
02EA020,2,2023/07/27,8.491,
02EA020,2,2023/07/28,8.504,
02EA020,2,2023/07/29,8.521,
02EA020,2,2023/07/30,8.511,
02EA020,2,2023/07/31,8.509,
02EA020,2,2023/08/01,8.503,
02EA020,2,2023/08/02,8.496,
02EA020,2,2023/08/03,8.495,
02EA020,2,2023/08/04,8.499,
02EA020,2,2023/08/05,8.494,
02EA020,2,2023/08/06,8.490,
02EA020,2,2023/08/07,8.506,
02EA020,2,2023/08/08,8.517,
02EA020,2,2023/08/09,8.514,
02EA020,2,2023/08/10,8.515,
02EA020,2,2023/08/11,8.513,
02EA020,2,2023/08/12,8.527,
02EA020,2,2023/08/13,8.543,
02EA020,2,2023/08/14,8.546,
02EA020,2,2023/08/15,8.545,
02EA020,2,2023/08/16,8.541,
02EA020,2,2023/08/17,8.536,
02EA020,2,2023/08/18,8.544,
02EA020,2,2023/08/19,8.544,
02EA020,2,2023/08/20,8.544,
02EA020,2,2023/08/21,8.544,
02EA020,2,2023/08/22,8.538,
02EA020,2,2023/08/23,8.537,
02EA020,2,2023/08/24,8.534,
02EA020,2,2023/08/25,8.533,
02EA020,2,2023/08/26,8.534,
02EA020,2,2023/08/27,8.526,
02EA020,2,2023/08/28,8.522,
02EA020,2,2023/08/29,8.519,
02EA020,2,2023/08/30,8.527,
02EA020,2,2023/08/31,8.521,
02EA020,2,2023/09/01,8.519,
02EA020,2,2023/09/02,8.514,
02EA020,2,2023/09/03,8.515,
02EA020,2,2023/09/04,8.515,
02EA020,2,2023/09/05,8.514,
02EA020,2,2023/09/06,8.520,
02EA020,2,2023/09/07,8.538,
02EA020,2,2023/09/08,8.530,
02EA020,2,2023/09/09,8.526,
02EA020,2,2023/09/10,8.522,
02EA020,2,2023/09/11,8.519,
02EA020,2,2023/09/12,8.530,
02EA020,2,2023/09/13,8.531,
02EA020,2,2023/09/14,8.528,
02EA020,2,2023/09/15,8.523,
02EA020,2,2023/09/16,8.519,
02EA020,2,2023/09/17,8.515,
02EA020,2,2023/09/18,8.512,
02EA020,2,2023/09/19,8.505,
02EA020,2,2023/09/20,8.499,
02EA020,2,2023/09/21,8.494,
02EA020,2,2023/09/22,8.490,
02EA020,2,2023/09/23,8.487,
02EA020,2,2023/09/24,8.484,
02EA020,2,2023/09/25,8.480,
02EA020,2,2023/09/26,8.474,
02EA020,2,2023/09/27,8.468,
02EA020,2,2023/09/28,8.463,
02EA020,2,2023/09/29,8.458,
02EA020,2,2023/09/30,8.454,
02EA020,2,2023/10/01,8.452,
02EA020,2,2023/10/02,8.450,
02EA020,2,2023/10/03,8.447,
02EA020,2,2023/10/04,8.444,
02EA020,2,2023/10/05,8.442,
02EA020,2,2023/10/06,8.447,
02EA020,2,2023/10/07,8.442,
02EA020,2,2023/10/08,8.443,
02EA020,2,2023/10/09,8.452,
02EA020,2,2023/10/10,8.455,
02EA020,2,2023/10/11,8.455,
02EA020,2,2023/10/12,8.453,
02EA020,2,2023/10/13,8.449,
02EA020,2,2023/10/14,8.446,
02EA020,2,2023/10/15,8.439,
02EA020,2,2023/10/16,8.435,
02EA020,2,2023/10/17,8.428,
02EA020,2,2023/10/18,8.423,
02EA020,2,2023/10/19,8.417,
02EA020,2,2023/10/20,8.415,
02EA020,2,2023/10/21,8.411,
02EA020,2,2023/10/22,8.402,
02EA020,2,2023/10/23,8.395,
02EA020,2,2023/10/24,8.390,
02EA020,2,2023/10/25,8.389,
02EA020,2,2023/10/26,8.393,
02EA020,2,2023/10/27,8.418,
02EA020,2,2023/10/28,8.485,
02EA020,2,2023/10/29,8.494,
02EA020,2,2023/10/30,8.494,
02EA020,2,2023/10/31,8.493,
02EA020,2,2023/11/01,8.491,
02EA020,2,2023/11/02,8.485,
02EA020,2,2023/11/03,8.480,
02EA020,2,2023/11/04,8.482,
02EA020,2,2023/11/05,8.477,
02EA020,2,2023/11/06,8.476,
02EA020,2,2023/11/07,8.491,
02EA020,2,2023/11/08,8.491,
02EA020,2,2023/11/09,8.497,
02EA020,2,2023/11/10,8.496,
02EA020,2,2023/11/11,8.492,
02EA020,2,2023/11/12,8.487,
02EA020,2,2023/11/13,8.481,
02EA020,2,2023/11/14,8.478,
02EA020,2,2023/11/15,8.473,
02EA020,2,2023/11/16,8.469,
02EA020,2,2023/11/17,8.471,
02EA020,2,2023/11/18,8.471,
02EA020,2,2023/11/19,8.468,
02EA020,2,2023/11/20,8.462,
02EA020,2,2023/11/21,8.460,
02EA020,2,2023/11/22,8.463,
02EA020,2,2023/11/23,8.459,
02EA020,2,2023/11/24,8.452,
02EA020,2,2023/11/25,8.445,
02EA020,2,2023/11/26,8.440,
02EA020,2,2023/11/27,8.441,
02EA020,2,2023/11/28,8.436,
02EA020,2,2023/11/29,8.431,
02EA020,2,2023/11/30,8.429,
02EA020,2,2023/12/01,8.423,
02EA020,2,2023/12/02,8.418,
02EA020,2,2023/12/03,8.417,
02EA020,2,2023/12/04,8.415,
02EA020,2,2023/12/05,8.411,
02EA020,2,2023/12/06,8.405,
02EA020,2,2023/12/07,8.402,
02EA020,2,2023/12/08,8.399,
02EA020,2,2023/12/09,8.395,
02EA020,2,2023/12/10,8.395,
02EA020,2,2023/12/11,8.394,
02EA020,2,2023/12/12,8.392,
02EA020,2,2023/12/13,8.390,
02EA020,2,2023/12/14,8.385,
02EA020,2,2023/12/15,8.382,
02EA020,2,2023/12/16,8.382,
02EA020,2,2023/12/17,8.382,
02EA020,2,2023/12/18,8.395,
02EA020,2,2023/12/19,8.396,
02EA020,2,2023/12/20,8.397,
02EA020,2,2023/12/21,8.398,
02EA020,2,2023/12/22,8.390,
02EA020,2,2023/12/23,8.386,
02EA020,2,2023/12/24,8.384,
02EA020,2,2023/12/25,8.381,
02EA020,2,2023/12/26,8.379,
02EA020,2,2023/12/27,8.378,
02EA020,2,2023/12/28,8.384,
02EA020,2,2023/12/29,8.380,
02EA020,2,2023/12/30,8.379,
02EA020,2,2023/12/31,8.380,
02EA020,2,2024/01/01,8.377,
02EA020,2,2024/01/02,8.369,
02EA020,2,2024/01/03,8.368,
02EA020,2,2024/01/04,8.362,
02EA020,2,2024/01/05,8.358,
02EA020,2,2024/01/06,8.355,
02EA020,2,2024/01/07,8.351,
02EA020,2,2024/01/08,8.348,
02EA020,2,2024/01/09,8.348,
02EA020,2,2024/01/10,8.358,
02EA020,2,2024/01/11,8.356,
02EA020,2,2024/01/12,8.352,
02EA020,2,2024/01/13,8.361,
02EA020,2,2024/01/14,8.361,
02EA020,2,2024/01/15,8.361,
02EA020,2,2024/01/16,8.361,
02EA020,2,2024/01/17,8.363,
02EA020,2,2024/01/18,8.364,
02EA020,2,2024/01/19,8.360,
02EA020,2,2024/01/20,8.355,
02EA020,2,2024/01/21,8.352,
02EA020,2,2024/01/22,8.349,
02EA020,2,2024/01/23,8.347,
02EA020,2,2024/01/24,8.344,
02EA020,2,2024/01/25,8.340,
02EA020,2,2024/01/26,8.336,
02EA020,2,2024/01/27,8.332,
02EA020,2,2024/01/28,8.329,
02EA020,2,2024/01/29,8.325,
02EA020,2,2024/01/30,8.321,
02EA020,2,2024/01/31,8.318,
02EA020,2,2024/02/01,8.316,
02EA020,2,2024/02/02,8.312,
02EA020,2,2024/02/03,8.299,
02EA020,2,2024/02/04,8.291,
02EA020,2,2024/02/05,8.289,
02EA020,2,2024/02/06,8.286,
02EA020,2,2024/02/07,8.283,
02EA020,2,2024/02/08,8.282,
02EA020,2,2024/02/09,8.286,
02EA020,2,2024/02/10,8.286,
02EA020,2,2024/02/11,8.285,
02EA020,2,2024/02/12,8.284,
02EA020,2,2024/02/13,8.284,
02EA020,2,2024/02/14,8.283,
02EA020,2,2024/02/15,8.284,
02EA020,2,2024/02/16,8.288,
02EA020,2,2024/02/17,8.286,
02EA020,2,2024/02/18,8.295,
02EA020,2,2024/02/19,8.297,
02EA020,2,2024/02/20,8.294,
02EA020,2,2024/02/21,8.292,
02EA020,2,2024/02/22,8.292,
02EA020,2,2024/02/23,8.290,
02EA020,2,2024/02/24,8.286,
02EA020,2,2024/02/25,8.284,
02EA020,2,2024/02/26,8.283,
02EA020,2,2024/02/27,8.290,
02EA020,2,2024/02/28,8.311,
02EA020,2,2024/02/29,8.319,
02EA020,2,2024/03/01,8.322,
02EA020,2,2024/03/02,8.324,
02EA020,2,2024/03/03,8.325,
02EA020,2,2024/03/04,8.331,
02EA020,2,2024/03/05,8.347,
02EA020,2,2024/03/06,8.363,
02EA020,2,2024/03/07,8.371,
02EA020,2,2024/03/08,8.376,
02EA020,2,2024/03/09,8.408,
02EA020,2,2024/03/10,8.432,
02EA020,2,2024/03/11,8.440,
02EA020,2,2024/03/12,8.440,
02EA020,2,2024/03/13,8.446,
02EA020,2,2024/03/14,8.465,
02EA020,2,2024/03/15,8.464,
02EA020,2,2024/03/16,8.463,
02EA020,2,2024/03/17,8.466,
02EA020,2,2024/03/18,8.465,
02EA020,2,2024/03/19,8.463,
02EA020,2,2024/03/20,8.462,
02EA020,2,2024/03/21,8.459,
02EA020,2,2024/03/22,8.453,
02EA020,2,2024/03/23,8.448,
02EA020,2,2024/03/24,8.442,
02EA020,2,2024/03/25,8.436,
02EA020,2,2024/03/26,8.434,
02EA020,2,2024/03/27,8.450,
02EA020,2,2024/03/28,8.450,
02EA020,2,2024/03/29,8.448,
02EA020,2,2024/03/30,8.444,
02EA020,2,2024/03/31,8.441,
02EA020,2,2024/04/01,8.436,
02EA020,2,2024/04/02,8.432,
02EA020,2,2024/04/03,8.433,
02EA020,2,2024/04/04,8.445,
02EA020,2,2024/04/05,8.447,
02EA020,2,2024/04/06,8.449,
02EA020,2,2024/04/07,8.446,
02EA020,2,2024/04/08,8.443,
02EA020,2,2024/04/09,8.440,
02EA020,2,2024/04/10,8.447,
02EA020,2,2024/04/11,8.461,
02EA020,2,2024/04/12,8.517,
02EA020,2,2024/04/13,8.577,
02EA020,2,2024/04/14,8.611,
02EA020,2,2024/04/15,8.630,
02EA020,2,2024/04/16,8.643,
02EA020,2,2024/04/17,8.655,
02EA020,2,2024/04/18,8.666,
02EA020,2,2024/04/19,8.672,
02EA020,2,2024/04/20,8.676,
02EA020,2,2024/04/21,8.675,
02EA020,2,2024/04/22,8.674,
02EA020,2,2024/04/23,8.668,
02EA020,2,2024/04/24,8.664,
02EA020,2,2024/04/25,8.649,
02EA020,2,2024/04/26,8.636,
02EA020,2,2024/04/27,8.627,
02EA020,2,2024/04/28,8.624,
02EA020,2,2024/04/29,8.620,
02EA020,2,2024/04/30,8.615,
02EA020,2,2024/05/01,8.609,
02EA020,2,2024/05/02,8.607,
02EA020,2,2024/05/03,8.604,
02EA020,2,2024/05/04,8.600,
02EA020,2,2024/05/05,8.591,
02EA020,2,2024/05/06,8.587,
02EA020,2,2024/05/07,8.583,A
02EA020,2,2024/05/08,8.589,A
02EA020,2,2024/05/09,8.585,
02EA020,2,2024/05/10,8.578,
02EA020,2,2024/05/11,8.572,A
02EA020,2,2024/05/12,8.567,A
02EA020,2,2024/05/13,8.557,A
02EA020,2,2024/05/14,8.563,A
02EA020,2,2024/05/15,8.572,A
02EA020,2,2024/05/16,8.567,
02EA020,2,2024/05/17,8.564,
02EA020,2,2024/05/18,8.565,
02EA020,2,2024/05/19,8.563,
02EA020,2,2024/05/20,8.564,
02EA020,2,2024/05/21,8.568,
02EA020,2,2024/05/22,8.572,
02EA020,2,2024/05/23,8.572,
02EA020,2,2024/05/24,8.574,
02EA020,2,2024/05/25,8.573,
02EA020,2,2024/05/26,8.575,
02EA020,2,2024/05/27,8.579,
02EA020,2,2024/05/28,8.585,
02EA020,2,2024/05/29,8.588,
02EA020,2,2024/05/30,8.583,
02EA020,2,2024/05/31,8.576,
02EA020,2,2024/06/01,8.574,
02EA020,2,2024/06/02,8.571,
02EA020,2,2024/06/03,8.570,
02EA020,2,2024/06/04,8.569,
02EA020,2,2024/06/05,8.567,
02EA020,2,2024/06/06,8.579,
02EA020,2,2024/06/07,8.577,
02EA020,2,2024/06/08,8.573,
02EA020,2,2024/06/09,8.572,
02EA020,2,2024/06/10,8.570,
02EA020,2,2024/06/11,8.563,
02EA020,2,2024/06/12,8.558,
02EA020,2,2024/06/13,8.558,
02EA020,2,2024/06/14,8.568,
02EA020,2,2024/06/15,8.564,
02EA020,2,2024/06/16,8.557,
02EA020,2,2024/06/17,8.556,
02EA020,2,2024/06/18,8.557,
02EA020,2,2024/06/19,8.556,
02EA020,2,2024/06/20,8.560,
02EA020,2,2024/06/21,8.557,
02EA020,2,2024/06/22,8.558,
02EA020,2,2024/06/23,8.635,
02EA020,2,2024/06/24,8.686,
02EA020,2,2024/06/25,8.687,
02EA020,2,2024/06/26,8.682,
02EA020,2,2024/06/27,8.669,
02EA020,2,2024/06/28,8.653,
02EA020,2,2024/06/29,8.639,
02EA020,2,2024/06/30,8.634,
02EA020,2,2024/07/01,8.621,
02EA020,2,2024/07/02,8.607,
02EA020,2,2024/07/03,8.597,
02EA020,2,2024/07/04,8.592,
02EA020,2,2024/07/05,8.584,
02EA020,2,2024/07/06,8.579,
02EA020,2,2024/07/07,8.573,
02EA020,2,2024/07/08,8.563,
02EA020,2,2024/07/09,8.557,
02EA020,2,2024/07/10,8.557,
02EA020,2,2024/07/11,8.550,
02EA020,2,2024/07/12,8.539,
02EA020,2,2024/07/13,8.528,
02EA020,2,2024/07/14,8.526,
02EA020,2,2024/07/15,8.541,
02EA020,2,2024/07/16,8.538,
02EA020,2,2024/07/17,8.534,
02EA020,2,2024/07/18,8.528,
02EA020,2,2024/07/19,8.520,
02EA020,2,2024/07/20,8.515,
02EA020,2,2024/07/21,8.514,
02EA020,2,2024/07/22,8.508,
02EA020,2,2024/07/23,8.504,
02EA020,2,2024/07/24,8.506,
02EA020,2,2024/07/25,8.500,
02EA020,2,2024/07/26,8.496,
02EA020,2,2024/07/27,8.492,
02EA020,2,2024/07/28,8.489,
02EA020,2,2024/07/29,8.487,
02EA020,2,2024/07/30,8.484,
02EA020,2,2024/07/31,8.482,
02EA020,2,2024/08/01,8.482,
02EA020,2,2024/08/02,8.480,
02EA020,2,2024/08/03,8.477,
02EA020,2,2024/08/04,8.471,
02EA020,2,2024/08/05,8.473,
02EA020,2,2024/08/06,8.474,
02EA020,2,2024/08/07,8.469,
02EA020,2,2024/08/08,8.464,
02EA020,2,2024/08/09,8.460,
02EA020,2,2024/08/10,8.454,
02EA020,2,2024/08/11,8.454,
02EA020,2,2024/08/12,8.458,
02EA020,2,2024/08/13,8.456,
02EA020,2,2024/08/14,8.453,
02EA020,2,2024/08/15,8.451,
02EA020,2,2024/08/16,8.449,
02EA020,2,2024/08/17,8.450,
02EA020,2,2024/08/18,8.473,
02EA020,2,2024/08/19,8.480,
02EA020,2,2024/08/20,8.469,
02EA020,2,2024/08/21,8.463,
02EA020,2,2024/08/22,8.459,
02EA020,2,2024/08/23,8.456,
02EA020,2,2024/08/24,8.454,
02EA020,2,2024/08/25,8.454,
02EA020,2,2024/08/26,8.454,
02EA020,2,2024/08/27,8.454,
02EA020,2,2024/08/28,8.460,
02EA020,2,2024/08/29,8.452,
02EA020,2,2024/08/30,8.452,
02EA020,2,2024/08/31,8.483,
02EA020,2,2024/09/01,8.483,
02EA020,2,2024/09/02,8.478,
02EA020,2,2024/09/03,8.473,
02EA020,2,2024/09/04,8.471,
02EA020,2,2024/09/05,8.468,
02EA020,2,2024/09/06,8.476,
02EA020,2,2024/09/07,8.483,
02EA020,2,2024/09/08,8.487,
02EA020,2,2024/09/09,8.492,
02EA020,2,2024/09/10,8.492,
02EA020,2,2024/09/11,8.492,
02EA020,2,2024/09/12,8.494,
02EA020,2,2024/09/13,8.495,
02EA020,2,2024/09/14,8.496,
02EA020,2,2024/09/15,8.496,
02EA020,2,2024/09/16,8.495,
02EA020,2,2024/09/17,8.495,
02EA020,2,2024/09/18,8.494,
02EA020,2,2024/09/19,8.493,
02EA020,2,2024/09/20,8.492,
02EA020,2,2024/09/21,8.491,
02EA020,2,2024/09/22,8.490,
02EA020,2,2024/09/23,8.488,
02EA020,2,2024/09/24,8.475,
02EA020,2,2024/09/25,8.479,
02EA020,2,2024/09/26,8.476,
02EA020,2,2024/09/27,8.469,
02EA020,2,2024/09/28,8.462,
02EA020,2,2024/09/29,8.453,
02EA020,2,2024/09/30,8.445,
02EA020,2,2024/10/01,8.435,
02EA020,2,2024/10/02,8.433,
02EA020,2,2024/10/03,8.421,
02EA020,2,2024/10/04,8.413,
02EA020,2,2024/10/05,8.405,
02EA020,2,2024/10/06,8.397,
02EA020,2,2024/10/07,8.390,
02EA020,2,2024/10/08,8.381,
02EA020,2,2024/10/09,8.372,
02EA020,2,2024/10/10,8.364,
02EA020,2,2024/10/11,8.355,
02EA020,2,2024/10/12,8.348,
02EA020,2,2024/10/13,8.342,
02EA020,2,2024/10/14,8.331,
02EA020,2,2024/10/15,8.320,
02EA020,2,2024/10/16,8.315,
02EA020,2,2024/10/17,8.308,
02EA020,2,2024/10/18,8.302,
02EA020,2,2024/10/19,8.296,
02EA020,2,2024/10/20,8.291,
02EA020,2,2024/10/21,8.287,
02EA020,2,2024/10/22,8.282,
02EA020,2,2024/10/23,8.276,
02EA020,2,2024/10/24,8.271,
02EA020,2,2024/10/25,8.264,
02EA020,2,2024/10/26,8.259,
02EA020,2,2024/10/27,8.254,
02EA020,2,2024/10/28,8.251,
02EA020,2,2024/10/29,8.242,
02EA020,2,2024/10/30,8.238,
02EA020,2,2024/10/31,8.240,
02EA020,2,2024/11/01,8.251,
02EA020,2,2024/11/02,8.247,
02EA020,2,2024/11/03,8.242,
02EA020,2,2024/11/04,8.248,
02EA020,2,2024/11/05,8.269,
02EA020,2,2024/11/06,8.282,
02EA020,2,2024/11/07,8.281,
02EA020,2,2024/11/08,8.277,
02EA020,2,2024/11/09,8.272,
02EA020,2,2024/11/10,8.269,
02EA020,2,2024/11/11,8.272,
02EA020,2,2024/11/12,8.277,
02EA020,2,2024/11/13,8.272,
02EA020,2,2024/11/14,8.266,
02EA020,2,2024/11/15,8.262,
02EA020,2,2024/11/16,8.257,
02EA020,2,2024/11/17,8.252,
02EA020,2,2024/11/18,8.248,
02EA020,2,2024/11/19,8.246,
02EA020,2,2024/11/20,8.241,
02EA020,2,2024/11/21,8.246,
02EA020,2,2024/11/22,8.249,
02EA020,2,2024/11/23,8.246,
02EA020,2,2024/11/24,8.243,
02EA020,2,2024/11/25,8.239,
02EA020,2,2024/11/26,8.240,
02EA020,2,2024/11/27,8.242,
02EA020,2,2024/11/28,8.240,
02EA020,2,2024/11/29,8.236,
02EA020,2,2024/11/30,8.232,
02EA020,2,2024/12/01,8.229,
02EA020,2,2024/12/02,8.225,
02EA020,2,2024/12/03,8.220,
02EA020,2,2024/12/04,8.222,
02EA020,2,2024/12/05,8.224,
02EA020,2,2024/12/06,8.222,
02EA020,2,2024/12/07,8.220,
02EA020,2,2024/12/08,8.226,
02EA020,2,2024/12/09,8.222,
02EA020,2,2024/12/10,8.223,
02EA020,2,2024/12/11,8.223,
02EA020,2,2024/12/12,8.223,
02EA020,2,2024/12/13,8.219,
02EA020,2,2024/12/14,8.216,
02EA020,2,2024/12/15,8.212,
02EA020,2,2024/12/16,8.210,
02EA020,2,2024/12/17,8.218,
02EA020,2,2024/12/18,8.220,
02EA020,2,2024/12/19,8.220,
02EA020,2,2024/12/20,8.217,
02EA020,2,2024/12/21,8.211,
02EA020,2,2024/12/22,8.204,
02EA020,2,2024/12/23,8.205,
02EA020,2,2024/12/24,8.207,
02EA020,2,2024/12/25,8.205,
02EA020,2,2024/12/26,8.202,
02EA020,2,2024/12/27,8.199,
02EA020,2,2024/12/28,8.199,
02EA020,2,2024/12/29,8.212,
02EA020,2,2024/12/30,8.247,
02EA020,2,2024/12/31,8.261,
02EA020,2,2025/01/01,8.271,
02EA020,2,2025/01/02,8.275,
02EA020,2,2025/01/03,8.277,
02EA020,2,2025/01/04,8.277,
02EA020,2,2025/01/05,8.277,
02EA020,2,2025/01/06,8.275,
02EA020,2,2025/01/07,8.272,
02EA020,2,2025/01/08,8.270,
02EA020,2,2025/01/09,8.266,
02EA020,2,2025/01/10,8.269,
02EA020,2,2025/01/11,8.276,
02EA020,2,2025/01/12,8.274,
02EA020,2,2025/01/13,8.275,
02EA020,2,2025/01/14,8.274,
02EA020,2,2025/01/15,8.272,
02EA020,2,2025/01/16,8.270,
02EA020,2,2025/01/17,8.267,
02EA020,2,2025/01/18,8.269,
02EA020,2,2025/01/19,8.268,
02EA020,2,2025/01/20,8.265,
02EA020,2,2025/01/21,8.262,
02EA020,2,2025/01/22,8.259,
02EA020,2,2025/01/23,8.256,
02EA020,2,2025/01/24,8.253,
02EA020,2,2025/01/25,8.250,
02EA020,2,2025/01/26,8.250,
02EA020,2,2025/01/27,8.248,
02EA020,2,2025/01/28,8.250,
02EA020,2,2025/01/29,8.251,
02EA020,2,2025/01/30,8.249,
02EA020,2,2025/01/31,8.247,
02EA020,2,2025/02/01,8.243,
02EA020,2,2025/02/02,8.240,
02EA020,2,2025/02/03,8.239,
02EA020,2,2025/02/04,8.237,
02EA020,2,2025/02/05,8.234,
02EA020,2,2025/02/06,8.232,
02EA020,2,2025/02/07,8.231,
02EA020,2,2025/02/08,8.228,
02EA020,2,2025/02/09,8.227,
02EA020,2,2025/02/10,8.225,
02EA020,2,2025/02/11,8.224,
02EA020,2,2025/02/12,8.222,
02EA020,2,2025/02/13,8.229,
02EA020,2,2025/02/14,8.229,
02EA020,2,2025/02/15,8.227,
02EA020,2,2025/02/16,8.231,
02EA020,2,2025/02/17,8.231,
02EA020,2,2025/02/18,8.228,
02EA020,2,2025/02/19,8.225,
02EA020,2,2025/02/20,8.222,
02EA020,2,2025/02/21,8.219,
02EA020,2,2025/02/22,8.216,
02EA020,2,2025/02/23,8.216,
02EA020,2,2025/02/24,8.215,
02EA020,2,2025/02/25,8.215,
02EA020,2,2025/02/26,8.213,
02EA020,2,2025/02/27,8.211,
02EA020,2,2025/02/28,8.210,
02EA020,2,2025/03/01,8.215,
02EA020,2,2025/03/02,8.213,
02EA020,2,2025/03/03,8.209,
02EA020,2,2025/03/04,8.208,
02EA020,2,2025/03/05,8.221,
02EA020,2,2025/03/06,8.233,
02EA020,2,2025/03/07,8.236,
02EA020,2,2025/03/08,8.238,
02EA020,2,2025/03/09,8.240,
02EA020,2,2025/03/10,8.242,
02EA020,2,2025/03/11,8.241,
02EA020,2,2025/03/12,8.239,
02EA020,2,2025/03/13,8.237,
02EA020,2,2025/03/14,8.236,
02EA020,2,2025/03/15,8.239,
02EA020,2,2025/03/16,8.269,
02EA020,2,2025/03/17,8.290,
02EA020,2,2025/03/18,8.308,
02EA020,2,2025/03/19,8.322,
02EA020,2,2025/03/20,8.348,
02EA020,2,2025/03/21,8.369,
02EA020,2,2025/03/22,8.385,
02EA020,2,2025/03/23,8.390,
02EA020,2,2025/03/24,8.400,
02EA020,2,2025/03/25,8.404,
02EA020,2,2025/03/26,8.403,
02EA020,2,2025/03/27,8.401,
02EA020,2,2025/03/28,8.402,
02EA020,2,2025/03/29,8.420,
02EA020,2,2025/03/30,8.421,
02EA020,2,2025/03/31,8.432,
02EA020,2,2025/04/01,8.433,
02EA020,2,2025/04/02,8.432,
02EA020,2,2025/04/03,8.441,
02EA020,2,2025/04/04,8.447,
02EA020,2,2025/04/05,8.455,
02EA020,2,2025/04/06,8.463,
02EA020,2,2025/04/07,8.469,
02EA020,2,2025/04/08,8.482,
02EA020,2,2025/04/09,8.481,
02EA020,2,2025/04/10,8.479,
02EA020,2,2025/04/11,8.477,
02EA020,2,2025/04/12,8.475,
02EA020,2,2025/04/13,8.476,
02EA020,2,2025/04/14,8.479,
02EA020,2,2025/04/15,8.487,
02EA020,2,2025/04/16,8.499,
02EA020,2,2025/04/17,8.503,
02EA020,2,2025/04/18,8.506,
02EA020,2,2025/04/19,8.523,
02EA020,2,2025/04/20,8.535,
02EA020,2,2025/04/21,8.543,
02EA020,2,2025/04/22,8.553,
02EA020,2,2025/04/23,8.559,
02EA020,2,2025/04/24,8.565,
02EA020,2,2025/04/25,8.570,
02EA020,2,2025/04/26,8.590,
02EA020,2,2025/04/27,8.604,
02EA020,2,2025/04/28,8.606,
02EA020,2,2025/04/29,8.603,
02EA020,2,2025/04/30,8.603,
02EA020,2,2025/05/01,8.599,
02EA020,2,2025/05/02,8.600,
02EA020,2,2025/05/03,8.597,
02EA020,2,2025/05/04,8.591,
02EA020,2,2025/05/05,8.583,
02EA020,2,2025/05/06,8.576,
02EA020,2,2025/05/07,8.583,
02EA020,2,2025/05/08,8.590,
02EA020,2,2025/05/09,8.584,
02EA020,2,2025/05/10,8.579,
02EA020,2,2025/05/11,8.573,
02EA020,2,2025/05/12,8.566,
02EA020,2,2025/05/13,8.562,
02EA020,2,2025/05/14,8.558,
02EA020,2,2025/05/15,8.555,
02EA020,2,2025/05/16,8.558,
02EA020,2,2025/05/17,8.559,
02EA020,2,2025/05/18,8.560,
02EA020,2,2025/05/19,8.554,
02EA020,2,2025/05/20,8.551,
02EA020,2,2025/05/21,8.554,
02EA020,2,2025/05/22,8.559,
02EA020,2,2025/05/23,8.575,
02EA020,2,2025/05/24,8.586,
02EA020,2,2025/05/25,8.594,
02EA020,2,2025/05/26,8.600,
02EA020,2,2025/05/27,8.602,
02EA020,2,2025/05/28,8.602,
02EA020,2,2025/05/29,8.613,
02EA020,2,2025/05/30,8.614,
02EA020,2,2025/05/31,8.614,
02EA020,2,2025/06/01,8.607,
02EA020,2,2025/06/02,8.602,
02EA020,2,2025/06/03,8.598,
02EA020,2,2025/06/04,8.599,
02EA020,2,2025/06/05,8.602,
02EA020,2,2025/06/06,8.592,
02EA020,2,2025/06/07,8.584,
02EA020,2,2025/06/08,8.572,
02EA020,2,2025/06/09,8.570,
02EA020,2,2025/06/10,8.586,
02EA020,2,2025/06/11,8.587,
02EA020,2,2025/06/12,8.588,
02EA020,2,2025/06/13,8.585,
02EA020,2,2025/06/14,8.582,
02EA020,2,2025/06/15,8.579,
02EA020,2,2025/06/16,8.575,
02EA020,2,2025/06/17,8.572,
02EA020,2,2025/06/18,8.575,
02EA020,2,2025/06/19,8.614,
02EA020,2,2025/06/20,8.643,
02EA020,2,2025/06/21,8.645,
02EA020,2,2025/06/22,8.659,
02EA020,2,2025/06/23,8.651,
02EA020,2,2025/06/24,8.646,
02EA020,2,2025/06/25,8.634,
02EA020,2,2025/06/26,8.618,
02EA020,2,2025/06/27,8.607,
02EA020,2,2025/06/28,8.600,
02EA020,2,2025/06/29,8.591,
02EA020,2,2025/06/30,8.580,
02EA020,2,2025/07/01,8.567,
02EA020,2,2025/07/02,8.553,
02EA020,2,2025/07/03,8.552,
02EA020,2,2025/07/04,8.549,
02EA020,2,2025/07/05,8.541,
02EA020,2,2025/07/06,8.553,
02EA020,2,2025/07/07,8.707,
02EA020,2,2025/07/08,8.760,
02EA020,2,2025/07/09,8.765,
02EA020,2,2025/07/10,8.757,
02EA020,2,2025/07/11,8.745,
02EA020,2,2025/07/12,8.731,
02EA020,2,2025/07/13,8.715,
02EA020,2,2025/07/14,8.700,
02EA020,2,2025/07/15,8.683,
02EA020,2,2025/07/16,8.668,
02EA020,2,2025/07/17,8.694,
02EA020,2,2025/07/18,8.698,
02EA020,2,2025/07/19,8.686,
02EA020,2,2025/07/20,8.678,
02EA020,2,2025/07/21,8.663,
02EA020,2,2025/07/22,8.646,
02EA020,2,2025/07/23,8.632,
02EA020,2,2025/07/24,8.623,
02EA020,2,2025/07/25,8.630,
02EA020,2,2025/07/26,8.617,
02EA020,2,2025/07/27,8.606,
02EA020,2,2025/07/28,8.593,
02EA020,2,2025/07/29,8.584,
02EA020,2,2025/07/30,8.570,
02EA020,2,2025/07/31,8.563,
02EA020,2,2025/08/01,8.558,
02EA020,2,2025/08/02,8.548,
02EA020,2,2025/08/03,8.539,
02EA020,2,2025/08/04,8.535,
02EA020,2,2025/08/05,8.528,
02EA020,2,2025/08/06,8.528,
02EA020,2,2025/08/07,8.527,
02EA020,2,2025/08/08,8.523,
02EA020,2,2025/08/09,8.522,
02EA020,2,2025/08/10,8.521,
02EA020,2,2025/08/11,8.521,
02EA020,2,2025/08/12,8.518,
02EA020,2,2025/08/13,8.518,
02EA020,2,2025/08/14,8.517,
02EA020,2,2025/08/15,8.509,
02EA020,2,2025/08/16,8.503,
02EA020,2,2025/08/17,8.510,
02EA020,2,2025/08/18,8.497,
02EA020,2,2025/08/19,8.490,
02EA020,2,2025/08/20,8.489,
02EA020,2,2025/08/21,8.486,
02EA020,2,2025/08/22,8.483,
02EA020,2,2025/08/23,8.478,
02EA020,2,2025/08/24,8.475,
02EA020,2,2025/08/25,8.470,
02EA020,2,2025/08/26,8.464,
02EA020,2,2025/08/27,8.459,
02EA020,2,2025/08/28,8.470,
02EA020,2,2025/08/29,8.465,
02EA020,2,2025/08/30,8.461,
02EA020,2,2025/08/31,8.459,
02EA020,2,2025/09/01,8.458,
02EA020,2,2025/09/02,8.457,
02EA020,2,2025/09/03,8.453,
02EA020,2,2025/09/04,8.465,
02EA020,2,2025/09/05,8.465,
02EA020,2,2025/09/06,8.469,
02EA020,2,2025/09/07,8.469,
02EA020,2,2025/09/08,8.467,
02EA020,2,2025/09/09,8.464,
02EA020,2,2025/09/10,8.464,
02EA020,2,2025/09/11,8.465,
02EA020,2,2025/09/12,8.462,
02EA020,2,2025/09/13,8.462,
02EA020,2,2025/09/14,8.465,
02EA020,2,2025/09/15,8.462,
02EA020,2,2025/09/16,8.461,
02EA020,2,2025/09/17,8.460,
02EA020,2,2025/09/18,8.461,
02EA020,2,2025/09/19,8.458,
02EA020,2,2025/09/20,8.453,
02EA020,2,2025/09/21,8.451,
02EA020,2,2025/09/22,8.467,
02EA020,2,2025/09/23,8.470,
02EA020,2,2025/09/24,8.473,
02EA020,2,2025/09/25,8.477,
02EA020,2,2025/09/26,8.477,
02EA020,2,2025/09/27,8.477,
02EA020,2,2025/09/28,8.476,
02EA020,2,2025/09/29,8.474,
02EA020,2,2025/09/30,8.476,
02EA020,2,2025/10/01,8.469,
02EA020,2,2025/10/02,8.464,
02EA020,2,2025/10/03,8.462,
02EA020,2,2025/10/04,8.462,
02EA020,2,2025/10/05,8.463,
02EA020,2,2025/10/06,8.461,
02EA020,2,2025/10/07,8.491,
02EA020,2,2025/10/08,8.495,
02EA020,2,2025/10/09,8.491,
02EA020,2,2025/10/10,8.487,
02EA020,2,2025/10/11,8.489,
02EA020,2,2025/10/12,8.487,
02EA020,2,2025/10/13,8.485,
02EA020,2,2025/10/14,8.485,
02EA020,2,2025/10/15,8.481,
02EA020,2,2025/10/16,8.477,
02EA020,2,2025/10/17,8.478,
02EA020,2,2025/10/18,8.481,
02EA020,2,2025/10/19,8.495,
02EA020,2,2025/10/20,8.509,
02EA020,2,2025/10/21,8.509,
02EA020,2,2025/10/22,8.512,
02EA020,2,2025/10/23,8.513,
02EA020,2,2025/10/24,8.510,
02EA020,2,2025/10/25,8.507,
02EA020,2,2025/10/26,8.501,
02EA020,2,2025/10/27,8.497,
02EA020,2,2025/10/28,8.494,
02EA020,2,2025/10/29,8.489,
02EA020,2,2025/10/30,8.487,
02EA020,2,2025/10/31,8.484,
02EA020,2,2025/11/01,8.481,
02EA020,2,2025/11/02,8.476,
02EA020,2,2025/11/03,8.471,
02EA020,2,2025/11/04,8.468,
02EA020,2,2025/11/05,8.467,
02EA020,2,2025/11/06,8.462,
02EA020,2,2025/11/07,8.453,
02EA020,2,2025/11/08,8.449,
02EA020,2,2025/11/09,8.440,
02EA020,2,2025/11/10,8.426,
02EA020,2,2025/11/11,8.417,
02EA020,2,2025/11/12,8.412,
02EA020,2,2025/11/13,8.407,
02EA020,2,2025/11/14,8.400,
02EA020,2,2025/11/15,8.398,
02EA020,2,2025/11/16,8.405,
02EA020,2,2025/11/17,8.399,
02EA020,2,2025/11/18,8.393,
02EA020,2,2025/11/19,8.385,
02EA020,2,2025/11/20,8.377,
02EA020,2,2025/11/21,8.373,
02EA020,2,2025/11/22,8.367,
02EA020,2,2025/11/23,8.365,
02EA020,2,2025/11/24,8.360,
02EA020,2,2025/11/25,8.355,
02EA020,2,2025/11/26,8.354,
02EA020,2,2025/11/27,8.356,
02EA020,2,2025/11/28,8.357,
02EA020,2,2025/11/29,8.354,
02EA020,2,2025/11/30,8.355,
02EA020,2,2025/12/01,8.353,
02EA020,2,2025/12/02,8.347,
02EA020,2,2025/12/03,8.342,
02EA020,2,2025/12/04,8.338,
02EA020,2,2025/12/05,8.328,
02EA020,2,2025/12/06,8.323,
02EA020,2,2025/12/07,8.317,
02EA020,2,2025/12/08,8.309,
02EA020,2,2025/12/09,8.303,
02EA020,2,2025/12/10,8.300,
02EA020,2,2025/12/11,8.295,
02EA020,2,2025/12/12,8.289,
02EA020,2,2025/12/13,8.287,
02EA020,2,2025/12/14,8.283,
02EA020,2,2025/12/15,8.279,
02EA020,2,2025/12/16,8.276,
02EA020,2,2025/12/17,8.272,
02EA020,2,2025/12/18,8.269,
02EA020,2,2025/12/19,8.291,
02EA020,2,2025/12/20,8.297,
02EA020,2,2025/12/21,8.296,
02EA020,2,2025/12/22,8.294,
02EA020,2,2025/12/23,8.293,
02EA020,2,2025/12/24,8.294,
02EA020,2,2025/12/25,8.290,
02EA020,2,2025/12/26,8.289,
02EA020,2,2025/12/27,8.289,
02EA020,2,2025/12/28,8.284,
02EA020,2,2025/12/29,8.286,
02EA020,2,2025/12/30,8.286,
02EA020,2,2025/12/31,8.282,